time,location,unique_id
07:00:00,dairy,0.6
07:00:00,drinks,0.6
07:00:00,fruit,0.8
07:01:00,checkout,0.4
07:01:00,dairy,1.2
07:01:00,drinks,0.6
07:01:00,fruit,0.8
07:01:00,spices,0.2
07:02:00,checkout,1.0
07:02:00,dairy,1.2
07:02:00,drinks,0.2
07:02:00,fruit,0.8
07:02:00,spices,0.4
07:03:00,checkout,0.2
07:03:00,dairy,2.8
07:03:00,drinks,0.6
07:03:00,fruit,1.0
07:03:00,spices,0.4
07:04:00,checkout,0.4
07:04:00,dairy,3.6
07:04:00,drinks,0.8
07:04:00,fruit,1.2
07:04:00,spices,0.8
07:05:00,checkout,1.4
07:05:00,dairy,3.0
07:05:00,drinks,1.4
07:05:00,fruit,0.4
07:05:00,spices,0.2
07:06:00,checkout,1.2
07:06:00,dairy,2.8
07:06:00,drinks,1.4
07:06:00,fruit,1.6
07:06:00,spices,0.4
07:07:00,checkout,0.2
07:07:00,dairy,3.2
07:07:00,drinks,1.6
07:07:00,fruit,2.0
07:07:00,spices,0.8
07:08:00,checkout,1.0
07:08:00,dairy,3.4
07:08:00,drinks,1.8
07:08:00,fruit,1.8
07:08:00,spices,1.0
07:09:00,checkout,1.8
07:09:00,dairy,2.2
07:09:00,drinks,2.0
07:09:00,fruit,1.4
07:09:00,spices,1.2
07:10:00,checkout,1.0
07:10:00,dairy,1.6
07:10:00,drinks,1.8
07:10:00,fruit,2.4
07:10:00,spices,1.2
07:11:00,checkout,1.2
07:11:00,dairy,1.6
07:11:00,drinks,2.0
07:11:00,fruit,2.6
07:11:00,spices,1.0
07:12:00,checkout,0.8
07:12:00,dairy,2.0
07:12:00,drinks,2.2
07:12:00,fruit,4.4
07:12:00,spices,1.6
07:13:00,checkout,1.2
07:13:00,dairy,2.6
07:13:00,drinks,3.2
07:13:00,fruit,4.0
07:13:00,spices,1.0
07:14:00,checkout,2.2
07:14:00,dairy,3.4
07:14:00,drinks,3.0
07:14:00,fruit,4.4
07:14:00,spices,0.4
07:15:00,checkout,1.8
07:15:00,dairy,3.0
07:15:00,drinks,2.6
07:15:00,fruit,3.2
07:15:00,spices,2.4
07:16:00,checkout,1.6
07:16:00,dairy,3.6
07:16:00,drinks,2.4
07:16:00,fruit,3.0
07:16:00,spices,2.0
07:17:00,checkout,2.2
07:17:00,dairy,2.6
07:17:00,drinks,3.0
07:17:00,fruit,2.4
07:17:00,spices,2.6
07:18:00,checkout,1.4
07:18:00,dairy,3.8
07:18:00,drinks,2.4
07:18:00,fruit,2.6
07:18:00,spices,1.4
07:19:00,checkout,1.2
07:19:00,dairy,4.4
07:19:00,drinks,3.0
07:19:00,fruit,3.0
07:19:00,spices,1.2
07:20:00,checkout,3.4
07:20:00,dairy,5.2
07:20:00,drinks,1.8
07:20:00,fruit,2.2
07:20:00,spices,1.8
07:21:00,checkout,2.0
07:21:00,dairy,4.0
07:21:00,drinks,2.2
07:21:00,fruit,2.2
07:21:00,spices,1.0
07:22:00,checkout,1.2
07:22:00,dairy,3.6
07:22:00,drinks,2.0
07:22:00,fruit,3.8
07:22:00,spices,1.4
07:23:00,checkout,2.0
07:23:00,dairy,3.6
07:23:00,drinks,2.6
07:23:00,fruit,3.0
07:23:00,spices,0.4
07:24:00,checkout,1.2
07:24:00,dairy,3.2
07:24:00,drinks,2.6
07:24:00,fruit,2.6
07:24:00,spices,0.6
07:25:00,checkout,0.8
07:25:00,dairy,3.2
07:25:00,drinks,2.4
07:25:00,fruit,2.2
07:25:00,spices,2.0
07:26:00,checkout,2.0
07:26:00,dairy,4.0
07:26:00,drinks,2.2
07:26:00,fruit,2.8
07:26:00,spices,1.8
07:27:00,checkout,2.0
07:27:00,dairy,3.8
07:27:00,drinks,3.2
07:27:00,fruit,2.6
07:27:00,spices,2.6
07:28:00,checkout,1.2
07:28:00,dairy,4.6
07:28:00,drinks,3.6
07:28:00,fruit,3.2
07:28:00,spices,1.6
07:29:00,checkout,1.2
07:29:00,dairy,4.8
07:29:00,drinks,4.2
07:29:00,fruit,3.2
07:29:00,spices,0.8
07:30:00,checkout,3.0
07:30:00,dairy,3.2
07:30:00,drinks,4.6
07:30:00,fruit,3.2
07:30:00,spices,0.8
07:31:00,checkout,2.2
07:31:00,dairy,3.4
07:31:00,drinks,3.4
07:31:00,fruit,3.2
07:31:00,spices,1.2
07:32:00,checkout,2.8
07:32:00,dairy,4.4
07:32:00,drinks,2.4
07:32:00,fruit,2.8
07:32:00,spices,1.0
07:33:00,checkout,2.0
07:33:00,dairy,4.0
07:33:00,drinks,2.6
07:33:00,fruit,2.4
07:33:00,spices,1.4
07:34:00,checkout,1.4
07:34:00,dairy,3.4
07:34:00,drinks,1.8
07:34:00,fruit,3.0
07:34:00,spices,2.0
07:35:00,checkout,1.6
07:35:00,dairy,3.8
07:35:00,drinks,3.0
07:35:00,fruit,1.8
07:35:00,spices,2.0
07:36:00,checkout,2.0
07:36:00,dairy,4.0
07:36:00,drinks,2.8
07:36:00,fruit,1.4
07:36:00,spices,2.4
07:37:00,checkout,1.6
07:37:00,dairy,2.4
07:37:00,drinks,2.4
07:37:00,fruit,2.4
07:37:00,spices,2.6
07:38:00,checkout,1.4
07:38:00,dairy,4.0
07:38:00,drinks,2.2
07:38:00,fruit,2.8
07:38:00,spices,1.4
07:39:00,checkout,1.2
07:39:00,dairy,3.8
07:39:00,drinks,3.0
07:39:00,fruit,2.4
07:39:00,spices,1.2
07:40:00,checkout,1.6
07:40:00,dairy,3.0
07:40:00,drinks,3.4
07:40:00,fruit,2.4
07:40:00,spices,1.4
07:41:00,checkout,1.4
07:41:00,dairy,3.4
07:41:00,drinks,3.4
07:41:00,fruit,2.8
07:41:00,spices,1.0
07:42:00,checkout,1.2
07:42:00,dairy,3.0
07:42:00,drinks,3.2
07:42:00,fruit,2.8
07:42:00,spices,2.0
07:43:00,checkout,1.8
07:43:00,dairy,3.4
07:43:00,drinks,3.0
07:43:00,fruit,1.6
07:43:00,spices,3.0
07:44:00,checkout,1.4
07:44:00,dairy,3.0
07:44:00,drinks,3.6
07:44:00,fruit,2.4
07:44:00,spices,2.2
07:45:00,checkout,1.2
07:45:00,dairy,3.2
07:45:00,drinks,4.0
07:45:00,fruit,1.8
07:45:00,spices,1.6
07:46:00,checkout,1.0
07:46:00,dairy,3.2
07:46:00,drinks,4.2
07:46:00,fruit,2.2
07:46:00,spices,1.2
07:47:00,checkout,2.4
07:47:00,dairy,2.2
07:47:00,drinks,3.4
07:47:00,fruit,2.8
07:47:00,spices,2.0
07:48:00,checkout,2.2
07:48:00,dairy,2.8
07:48:00,drinks,3.0
07:48:00,fruit,3.4
07:48:00,spices,1.0
07:49:00,checkout,1.6
07:49:00,dairy,3.0
07:49:00,drinks,3.0
07:49:00,fruit,3.0
07:49:00,spices,2.2
07:50:00,checkout,3.6
07:50:00,dairy,2.4
07:50:00,drinks,3.8
07:50:00,fruit,2.6
07:50:00,spices,0.8
07:51:00,checkout,1.6
07:51:00,dairy,2.8
07:51:00,drinks,3.0
07:51:00,fruit,1.8
07:51:00,spices,1.0
07:52:00,checkout,2.6
07:52:00,dairy,3.0
07:52:00,drinks,1.6
07:52:00,fruit,1.6
07:52:00,spices,0.6
07:53:00,checkout,0.8
07:53:00,dairy,3.2
07:53:00,drinks,2.0
07:53:00,fruit,2.8
07:53:00,spices,1.4
07:54:00,checkout,2.2
07:54:00,dairy,2.6
07:54:00,drinks,1.4
07:54:00,fruit,2.4
07:54:00,spices,1.2
07:55:00,checkout,1.0
07:55:00,dairy,2.4
07:55:00,drinks,1.4
07:55:00,fruit,3.0
07:55:00,spices,0.8
07:56:00,checkout,1.4
07:56:00,dairy,3.6
07:56:00,drinks,1.8
07:56:00,fruit,2.8
07:56:00,spices,0.4
07:57:00,checkout,1.6
07:57:00,dairy,3.4
07:57:00,drinks,2.2
07:57:00,fruit,2.6
07:57:00,spices,0.6
07:58:00,checkout,0.6
07:58:00,dairy,2.8
07:58:00,drinks,1.6
07:58:00,fruit,3.0
07:58:00,spices,1.0
07:59:00,checkout,1.2
07:59:00,dairy,3.0
07:59:00,drinks,1.6
07:59:00,fruit,2.2
07:59:00,spices,0.8
08:00:00,checkout,1.2
08:00:00,dairy,3.2
08:00:00,drinks,1.4
08:00:00,fruit,2.4
08:00:00,spices,1.2
08:01:00,checkout,1.6
08:01:00,dairy,3.4
08:01:00,drinks,1.8
08:01:00,fruit,2.4
08:01:00,spices,1.2
08:02:00,checkout,1.8
08:02:00,dairy,5.2
08:02:00,drinks,1.2
08:02:00,fruit,2.4
08:02:00,spices,1.4
08:03:00,checkout,1.6
08:03:00,dairy,4.8
08:03:00,drinks,2.2
08:03:00,fruit,2.0
08:03:00,spices,1.4
08:04:00,checkout,2.0
08:04:00,dairy,4.4
08:04:00,drinks,2.4
08:04:00,fruit,3.4
08:04:00,spices,2.2
08:05:00,checkout,2.0
08:05:00,dairy,5.4
08:05:00,drinks,1.0
08:05:00,fruit,4.4
08:05:00,spices,2.0
08:06:00,checkout,2.4
08:06:00,dairy,5.6
08:06:00,drinks,3.0
08:06:00,fruit,3.0
08:06:00,spices,0.8
08:07:00,checkout,1.8
08:07:00,dairy,5.6
08:07:00,drinks,2.0
08:07:00,fruit,3.4
08:07:00,spices,1.8
08:08:00,checkout,1.8
08:08:00,dairy,6.0
08:08:00,drinks,2.0
08:08:00,fruit,3.6
08:08:00,spices,1.8
08:09:00,checkout,2.2
08:09:00,dairy,5.8
08:09:00,drinks,1.4
08:09:00,fruit,3.6
08:09:00,spices,1.4
08:10:00,checkout,0.8
08:10:00,dairy,6.6
08:10:00,drinks,1.8
08:10:00,fruit,3.8
08:10:00,spices,2.6
08:11:00,checkout,2.8
08:11:00,dairy,6.6
08:11:00,drinks,0.8
08:11:00,fruit,3.2
08:11:00,spices,3.2
08:12:00,checkout,1.8
08:12:00,dairy,6.8
08:12:00,drinks,0.8
08:12:00,fruit,3.6
08:12:00,spices,1.2
08:13:00,checkout,2.6
08:13:00,dairy,6.8
08:13:00,drinks,1.4
08:13:00,fruit,2.2
08:13:00,spices,1.4
08:14:00,checkout,0.6
08:14:00,dairy,7.2
08:14:00,drinks,1.6
08:14:00,fruit,3.4
08:14:00,spices,1.6
08:15:00,checkout,1.6
08:15:00,dairy,6.6
08:15:00,drinks,2.2
08:15:00,fruit,3.8
08:15:00,spices,1.0
08:16:00,checkout,2.2
08:16:00,dairy,5.2
08:16:00,drinks,3.6
08:16:00,fruit,4.6
08:16:00,spices,1.4
08:17:00,checkout,3.8
08:17:00,dairy,5.0
08:17:00,drinks,2.4
08:17:00,fruit,4.8
08:17:00,spices,2.4
08:18:00,checkout,2.2
08:18:00,dairy,5.4
08:18:00,drinks,2.6
08:18:00,fruit,4.2
08:18:00,spices,1.8
08:19:00,checkout,2.4
08:19:00,dairy,6.4
08:19:00,drinks,2.0
08:19:00,fruit,4.0
08:19:00,spices,1.0
08:20:00,checkout,1.0
08:20:00,dairy,6.0
08:20:00,drinks,2.0
08:20:00,fruit,4.0
08:20:00,spices,2.4
08:21:00,checkout,2.2
08:21:00,dairy,6.6
08:21:00,drinks,2.0
08:21:00,fruit,5.8
08:21:00,spices,3.0
08:22:00,checkout,3.2
08:22:00,dairy,6.8
08:22:00,drinks,3.4
08:22:00,fruit,4.8
08:22:00,spices,2.2
08:23:00,checkout,3.0
08:23:00,dairy,5.8
08:23:00,drinks,2.4
08:23:00,fruit,5.0
08:23:00,spices,2.4
08:24:00,checkout,1.4
08:24:00,dairy,6.6
08:24:00,drinks,3.0
08:24:00,fruit,5.8
08:24:00,spices,1.6
08:25:00,checkout,4.0
08:25:00,dairy,6.6
08:25:00,drinks,3.2
08:25:00,fruit,3.8
08:25:00,spices,1.2
08:26:00,checkout,3.6
08:26:00,dairy,6.0
08:26:00,drinks,2.8
08:26:00,fruit,3.8
08:26:00,spices,2.0
08:27:00,checkout,3.4
08:27:00,dairy,5.8
08:27:00,drinks,2.0
08:27:00,fruit,4.0
08:27:00,spices,2.6
08:28:00,checkout,2.6
08:28:00,dairy,6.4
08:28:00,drinks,2.4
08:28:00,fruit,4.0
08:28:00,spices,2.0
08:29:00,checkout,3.4
08:29:00,dairy,6.4
08:29:00,drinks,2.8
08:29:00,fruit,2.4
08:29:00,spices,2.0
08:30:00,checkout,1.6
08:30:00,dairy,5.2
08:30:00,drinks,3.2
08:30:00,fruit,2.8
08:30:00,spices,1.8
08:31:00,checkout,1.8
08:31:00,dairy,5.4
08:31:00,drinks,2.4
08:31:00,fruit,2.8
08:31:00,spices,2.0
08:32:00,checkout,1.2
08:32:00,dairy,5.6
08:32:00,drinks,3.0
08:32:00,fruit,3.2
08:32:00,spices,1.8
08:33:00,checkout,2.2
08:33:00,dairy,5.2
08:33:00,drinks,2.2
08:33:00,fruit,3.2
08:33:00,spices,3.0
08:34:00,checkout,1.4
08:34:00,dairy,4.6
08:34:00,drinks,4.0
08:34:00,fruit,4.4
08:34:00,spices,2.4
08:35:00,checkout,1.8
08:35:00,dairy,5.0
08:35:00,drinks,3.4
08:35:00,fruit,4.4
08:35:00,spices,2.8
08:36:00,checkout,2.0
08:36:00,dairy,6.0
08:36:00,drinks,3.4
08:36:00,fruit,4.0
08:36:00,spices,2.2
08:37:00,checkout,2.2
08:37:00,dairy,5.6
08:37:00,drinks,2.8
08:37:00,fruit,4.6
08:37:00,spices,1.4
08:38:00,checkout,1.8
08:38:00,dairy,6.0
08:38:00,drinks,2.8
08:38:00,fruit,4.0
08:38:00,spices,2.0
08:39:00,checkout,3.4
08:39:00,dairy,4.6
08:39:00,drinks,3.2
08:39:00,fruit,3.4
08:39:00,spices,2.4
08:40:00,checkout,1.2
08:40:00,dairy,5.0
08:40:00,drinks,3.8
08:40:00,fruit,4.8
08:40:00,spices,2.0
08:41:00,checkout,3.0
08:41:00,dairy,4.8
08:41:00,drinks,4.4
08:41:00,fruit,4.2
08:41:00,spices,2.2
08:42:00,checkout,2.6
08:42:00,dairy,4.8
08:42:00,drinks,3.8
08:42:00,fruit,3.6
08:42:00,spices,2.8
08:43:00,checkout,1.8
08:43:00,dairy,5.4
08:43:00,drinks,3.4
08:43:00,fruit,4.8
08:43:00,spices,3.0
08:44:00,checkout,2.2
08:44:00,dairy,6.0
08:44:00,drinks,4.0
08:44:00,fruit,3.8
08:44:00,spices,2.6
08:45:00,checkout,3.2
08:45:00,dairy,5.2
08:45:00,drinks,2.8
08:45:00,fruit,4.0
08:45:00,spices,3.0
08:46:00,checkout,2.2
08:46:00,dairy,6.2
08:46:00,drinks,3.6
08:46:00,fruit,3.4
08:46:00,spices,1.0
08:47:00,checkout,2.2
08:47:00,dairy,5.0
08:47:00,drinks,3.6
08:47:00,fruit,3.2
08:47:00,spices,2.2
08:48:00,checkout,0.8
08:48:00,dairy,5.2
08:48:00,drinks,4.2
08:48:00,fruit,4.6
08:48:00,spices,2.8
08:49:00,checkout,1.8
08:49:00,dairy,6.4
08:49:00,drinks,3.6
08:49:00,fruit,5.0
08:49:00,spices,2.4
08:50:00,checkout,3.6
08:50:00,dairy,6.0
08:50:00,drinks,2.0
08:50:00,fruit,5.2
08:50:00,spices,2.6
08:51:00,checkout,3.2
08:51:00,dairy,6.0
08:51:00,drinks,1.8
08:51:00,fruit,5.4
08:51:00,spices,1.4
08:52:00,checkout,1.6
08:52:00,dairy,5.4
08:52:00,drinks,2.0
08:52:00,fruit,5.8
08:52:00,spices,1.8
08:53:00,checkout,2.6
08:53:00,dairy,5.8
08:53:00,drinks,2.6
08:53:00,fruit,5.2
08:53:00,spices,2.8
08:54:00,checkout,2.8
08:54:00,dairy,6.4
08:54:00,drinks,3.0
08:54:00,fruit,4.8
08:54:00,spices,1.4
08:55:00,checkout,2.2
08:55:00,dairy,6.8
08:55:00,drinks,2.8
08:55:00,fruit,5.8
08:55:00,spices,2.6
08:56:00,checkout,2.2
08:56:00,dairy,6.2
08:56:00,drinks,5.0
08:56:00,fruit,5.2
08:56:00,spices,1.8
08:57:00,checkout,3.8
08:57:00,dairy,5.2
08:57:00,drinks,6.0
08:57:00,fruit,3.4
08:57:00,spices,1.0
08:58:00,checkout,2.8
08:58:00,dairy,5.2
08:58:00,drinks,4.0
08:58:00,fruit,3.8
08:58:00,spices,2.0
08:59:00,checkout,3.2
08:59:00,dairy,4.8
08:59:00,drinks,2.4
08:59:00,fruit,4.4
08:59:00,spices,2.0
09:00:00,checkout,2.4
09:00:00,dairy,4.8
09:00:00,drinks,3.0
09:00:00,fruit,3.8
09:00:00,spices,1.4
09:01:00,checkout,2.4
09:01:00,dairy,4.0
09:01:00,drinks,2.0
09:01:00,fruit,4.0
09:01:00,spices,1.2
09:02:00,checkout,1.8
09:02:00,dairy,4.2
09:02:00,drinks,1.6
09:02:00,fruit,3.0
09:02:00,spices,1.6
09:03:00,checkout,1.8
09:03:00,dairy,4.6
09:03:00,drinks,1.8
09:03:00,fruit,4.0
09:03:00,spices,1.2
09:04:00,checkout,0.8
09:04:00,dairy,4.4
09:04:00,drinks,3.0
09:04:00,fruit,4.0
09:04:00,spices,1.4
09:05:00,checkout,1.6
09:05:00,dairy,5.8
09:05:00,drinks,2.8
09:05:00,fruit,4.0
09:05:00,spices,1.2
09:06:00,checkout,2.4
09:06:00,dairy,5.8
09:06:00,drinks,3.2
09:06:00,fruit,3.4
09:06:00,spices,1.2
09:07:00,checkout,1.2
09:07:00,dairy,5.2
09:07:00,drinks,2.8
09:07:00,fruit,3.4
09:07:00,spices,1.6
09:08:00,checkout,1.6
09:08:00,dairy,6.0
09:08:00,drinks,2.6
09:08:00,fruit,3.6
09:08:00,spices,1.8
09:09:00,checkout,1.8
09:09:00,dairy,5.4
09:09:00,drinks,3.0
09:09:00,fruit,3.6
09:09:00,spices,1.4
09:10:00,checkout,1.4
09:10:00,dairy,5.6
09:10:00,drinks,2.4
09:10:00,fruit,3.6
09:10:00,spices,2.0
09:11:00,checkout,1.4
09:11:00,dairy,6.0
09:11:00,drinks,1.8
09:11:00,fruit,4.0
09:11:00,spices,2.6
09:12:00,checkout,2.4
09:12:00,dairy,5.4
09:12:00,drinks,1.6
09:12:00,fruit,3.8
09:12:00,spices,2.8
09:13:00,checkout,2.8
09:13:00,dairy,5.0
09:13:00,drinks,1.6
09:13:00,fruit,3.6
09:13:00,spices,2.0
09:14:00,checkout,1.6
09:14:00,dairy,4.8
09:14:00,drinks,2.0
09:14:00,fruit,4.0
09:14:00,spices,1.2
09:15:00,checkout,1.4
09:15:00,dairy,5.0
09:15:00,drinks,2.2
09:15:00,fruit,3.8
09:15:00,spices,1.2
09:16:00,checkout,3.0
09:16:00,dairy,4.2
09:16:00,drinks,2.0
09:16:00,fruit,3.2
09:16:00,spices,0.4
09:17:00,checkout,1.2
09:17:00,dairy,5.6
09:17:00,drinks,2.0
09:17:00,fruit,2.4
09:17:00,spices,0.2
09:18:00,checkout,1.0
09:18:00,dairy,6.0
09:18:00,drinks,2.2
09:18:00,fruit,2.8
09:18:00,spices,1.0
09:19:00,checkout,2.6
09:19:00,dairy,4.4
09:19:00,drinks,2.4
09:19:00,fruit,3.8
09:19:00,spices,1.4
09:20:00,checkout,3.2
09:20:00,dairy,4.4
09:20:00,drinks,2.0
09:20:00,fruit,2.2
09:20:00,spices,0.6
09:21:00,checkout,0.4
09:21:00,dairy,5.0
09:21:00,drinks,2.2
09:21:00,fruit,2.4
09:21:00,spices,0.8
09:22:00,checkout,1.6
09:22:00,dairy,5.2
09:22:00,drinks,1.8
09:22:00,fruit,2.6
09:22:00,spices,1.0
09:23:00,checkout,1.8
09:23:00,dairy,4.4
09:23:00,drinks,2.0
09:23:00,fruit,2.4
09:23:00,spices,1.4
09:24:00,checkout,1.2
09:24:00,dairy,4.8
09:24:00,drinks,2.8
09:24:00,fruit,1.0
09:24:00,spices,0.8
09:25:00,checkout,1.2
09:25:00,dairy,4.2
09:25:00,drinks,2.4
09:25:00,fruit,1.8
09:25:00,spices,1.4
09:26:00,checkout,1.0
09:26:00,dairy,4.2
09:26:00,drinks,2.2
09:26:00,fruit,2.8
09:26:00,spices,1.2
09:27:00,checkout,2.0
09:27:00,dairy,3.8
09:27:00,drinks,1.0
09:27:00,fruit,2.6
09:27:00,spices,2.0
09:28:00,checkout,1.2
09:28:00,dairy,5.0
09:28:00,drinks,1.8
09:28:00,fruit,2.0
09:28:00,spices,0.6
09:29:00,checkout,1.6
09:29:00,dairy,4.0
09:29:00,drinks,1.8
09:29:00,fruit,2.8
09:29:00,spices,0.6
09:30:00,checkout,1.2
09:30:00,dairy,4.0
09:30:00,drinks,1.8
09:30:00,fruit,3.0
09:30:00,spices,0.8
09:31:00,checkout,2.4
09:31:00,dairy,4.0
09:31:00,drinks,1.0
09:31:00,fruit,2.4
09:31:00,spices,0.6
09:32:00,checkout,1.6
09:32:00,dairy,3.2
09:32:00,drinks,0.8
09:32:00,fruit,2.4
09:32:00,spices,1.2
09:33:00,checkout,1.8
09:33:00,dairy,3.4
09:33:00,drinks,0.6
09:33:00,fruit,1.0
09:33:00,spices,1.2
09:34:00,checkout,0.4
09:34:00,dairy,4.2
09:34:00,drinks,0.8
09:34:00,fruit,1.2
09:34:00,spices,1.0
09:35:00,checkout,1.0
09:35:00,dairy,3.6
09:35:00,drinks,1.4
09:35:00,fruit,1.4
09:35:00,spices,0.8
09:36:00,checkout,1.2
09:36:00,dairy,3.8
09:36:00,drinks,1.0
09:36:00,fruit,1.6
09:36:00,spices,1.2
09:37:00,checkout,1.0
09:37:00,dairy,4.4
09:37:00,drinks,1.2
09:37:00,fruit,2.2
09:37:00,spices,1.4
09:38:00,checkout,2.0
09:38:00,dairy,4.6
09:38:00,drinks,1.0
09:38:00,fruit,2.4
09:38:00,spices,0.6
09:39:00,checkout,1.2
09:39:00,dairy,4.4
09:39:00,drinks,1.6
09:39:00,fruit,2.4
09:39:00,spices,1.4
09:40:00,checkout,1.2
09:40:00,dairy,3.6
09:40:00,drinks,2.4
09:40:00,fruit,3.4
09:40:00,spices,1.0
09:41:00,checkout,1.6
09:41:00,dairy,3.8
09:41:00,drinks,2.2
09:41:00,fruit,3.8
09:41:00,spices,1.0
09:42:00,checkout,1.8
09:42:00,dairy,2.2
09:42:00,drinks,3.0
09:42:00,fruit,4.2
09:42:00,spices,0.6
09:43:00,checkout,1.6
09:43:00,dairy,1.6
09:43:00,drinks,3.0
09:43:00,fruit,4.2
09:43:00,spices,0.8
09:44:00,checkout,2.4
09:44:00,dairy,1.0
09:44:00,drinks,2.0
09:44:00,fruit,3.2
09:44:00,spices,1.0
09:45:00,checkout,2.0
09:45:00,dairy,1.4
09:45:00,drinks,2.2
09:45:00,fruit,2.2
09:45:00,spices,0.8
09:46:00,checkout,1.6
09:46:00,dairy,2.0
09:46:00,drinks,1.6
09:46:00,fruit,3.0
09:46:00,spices,0.2
09:47:00,checkout,1.0
09:47:00,dairy,2.2
09:47:00,drinks,1.0
09:47:00,fruit,3.0
09:47:00,spices,0.2
09:48:00,checkout,1.4
09:48:00,dairy,2.0
09:48:00,drinks,1.4
09:48:00,fruit,3.0
09:48:00,spices,1.2
09:49:00,checkout,1.4
09:49:00,dairy,2.2
09:49:00,drinks,1.2
09:49:00,fruit,2.8
09:49:00,spices,0.8
09:50:00,checkout,0.2
09:50:00,dairy,2.4
09:50:00,drinks,1.8
09:50:00,fruit,2.4
09:50:00,spices,0.6
09:51:00,checkout,0.6
09:51:00,dairy,2.2
09:51:00,drinks,1.4
09:51:00,fruit,2.4
09:51:00,spices,1.4
09:52:00,checkout,1.2
09:52:00,dairy,2.2
09:52:00,drinks,1.8
09:52:00,fruit,1.8
09:52:00,spices,1.4
09:53:00,checkout,0.8
09:53:00,dairy,3.0
09:53:00,drinks,2.2
09:53:00,fruit,1.2
09:53:00,spices,1.0
09:54:00,checkout,1.0
09:54:00,dairy,3.0
09:54:00,drinks,1.2
09:54:00,fruit,2.2
09:54:00,spices,1.2
09:55:00,checkout,1.2
09:55:00,dairy,3.2
09:55:00,drinks,2.8
09:55:00,fruit,1.8
09:55:00,spices,0.6
09:56:00,checkout,1.4
09:56:00,dairy,3.0
09:56:00,drinks,2.8
09:56:00,fruit,2.0
09:56:00,spices,0.4
09:57:00,checkout,1.0
09:57:00,dairy,3.8
09:57:00,drinks,3.2
09:57:00,fruit,2.6
09:57:00,spices,0.6
09:58:00,checkout,1.6
09:58:00,dairy,3.4
09:58:00,drinks,1.8
09:58:00,fruit,3.6
09:58:00,spices,1.2
09:59:00,checkout,0.4
09:59:00,dairy,4.8
09:59:00,drinks,2.2
09:59:00,fruit,5.0
09:59:00,spices,1.2
10:00:00,checkout,1.2
10:00:00,dairy,5.2
10:00:00,drinks,1.8
10:00:00,fruit,4.8
10:00:00,spices,1.2
10:01:00,checkout,1.6
10:01:00,dairy,5.6
10:01:00,drinks,2.2
10:01:00,fruit,4.2
10:01:00,spices,1.8
10:02:00,checkout,1.4
10:02:00,dairy,7.2
10:02:00,drinks,2.0
10:02:00,fruit,3.0
10:02:00,spices,2.2
10:03:00,checkout,3.8
10:03:00,dairy,6.0
10:03:00,drinks,1.6
10:03:00,fruit,2.0
10:03:00,spices,1.6
10:04:00,checkout,0.8
10:04:00,dairy,6.0
10:04:00,drinks,2.2
10:04:00,fruit,2.2
10:04:00,spices,1.6
10:05:00,checkout,1.0
10:05:00,dairy,5.6
10:05:00,drinks,2.6
10:05:00,fruit,3.2
10:05:00,spices,2.4
10:06:00,checkout,1.4
10:06:00,dairy,5.8
10:06:00,drinks,1.6
10:06:00,fruit,3.0
10:06:00,spices,2.4
10:07:00,checkout,3.2
10:07:00,dairy,6.2
10:07:00,drinks,1.6
10:07:00,fruit,2.2
10:07:00,spices,1.6
10:08:00,checkout,1.8
10:08:00,dairy,6.2
10:08:00,drinks,1.2
10:08:00,fruit,2.2
10:08:00,spices,1.6
10:09:00,checkout,2.8
10:09:00,dairy,5.4
10:09:00,drinks,1.4
10:09:00,fruit,1.4
10:09:00,spices,1.4
10:10:00,checkout,1.6
10:10:00,dairy,5.0
10:10:00,drinks,1.0
10:10:00,fruit,2.6
10:10:00,spices,1.2
10:11:00,checkout,1.0
10:11:00,dairy,5.4
10:11:00,drinks,1.4
10:11:00,fruit,1.6
10:11:00,spices,1.4
10:12:00,checkout,0.4
10:12:00,dairy,4.8
10:12:00,drinks,1.6
10:12:00,fruit,2.6
10:12:00,spices,1.4
10:13:00,checkout,1.2
10:13:00,dairy,4.4
10:13:00,drinks,1.4
10:13:00,fruit,3.4
10:13:00,spices,1.4
10:14:00,checkout,1.4
10:14:00,dairy,4.0
10:14:00,drinks,1.4
10:14:00,fruit,3.8
10:14:00,spices,0.8
10:15:00,checkout,1.2
10:15:00,dairy,4.8
10:15:00,drinks,1.4
10:15:00,fruit,2.8
10:15:00,spices,1.2
10:16:00,checkout,1.2
10:16:00,dairy,4.8
10:16:00,drinks,1.4
10:16:00,fruit,3.6
10:16:00,spices,1.4
10:17:00,checkout,1.6
10:17:00,dairy,4.0
10:17:00,drinks,2.0
10:17:00,fruit,3.4
10:17:00,spices,2.2
10:18:00,checkout,1.0
10:18:00,dairy,3.4
10:18:00,drinks,1.8
10:18:00,fruit,4.2
10:18:00,spices,2.0
10:19:00,checkout,2.2
10:19:00,dairy,4.0
10:19:00,drinks,2.0
10:19:00,fruit,2.4
10:19:00,spices,1.8
10:20:00,checkout,2.6
10:20:00,dairy,4.2
10:20:00,drinks,1.2
10:20:00,fruit,1.4
10:20:00,spices,2.2
10:21:00,checkout,1.2
10:21:00,dairy,4.8
10:21:00,drinks,1.8
10:21:00,fruit,1.8
10:21:00,spices,1.2
10:22:00,checkout,0.8
10:22:00,dairy,5.2
10:22:00,drinks,2.2
10:22:00,fruit,2.0
10:22:00,spices,0.8
10:23:00,checkout,1.8
10:23:00,dairy,6.4
10:23:00,drinks,0.6
10:23:00,fruit,2.6
10:23:00,spices,1.6
10:24:00,checkout,1.8
10:24:00,dairy,6.2
10:24:00,drinks,0.8
10:24:00,fruit,2.6
10:24:00,spices,1.0
10:25:00,checkout,1.0
10:25:00,dairy,5.6
10:25:00,drinks,0.2
10:25:00,fruit,3.8
10:25:00,spices,0.6
10:26:00,checkout,1.6
10:26:00,dairy,5.0
10:26:00,drinks,1.0
10:26:00,fruit,3.4
10:26:00,spices,1.0
10:27:00,checkout,2.2
10:27:00,dairy,5.4
10:27:00,drinks,2.2
10:27:00,fruit,1.2
10:27:00,spices,1.6
10:28:00,checkout,1.6
10:28:00,dairy,3.8
10:28:00,drinks,2.8
10:28:00,fruit,1.8
10:28:00,spices,1.4
10:29:00,checkout,1.8
10:29:00,dairy,3.4
10:29:00,drinks,1.4
10:29:00,fruit,2.4
10:29:00,spices,1.4
10:30:00,checkout,1.2
10:30:00,dairy,3.2
10:30:00,drinks,2.0
10:30:00,fruit,2.0
10:30:00,spices,1.2
10:31:00,checkout,1.2
10:31:00,dairy,3.8
10:31:00,drinks,2.0
10:31:00,fruit,2.4
10:31:00,spices,1.0
10:32:00,checkout,1.6
10:32:00,dairy,3.0
10:32:00,drinks,2.2
10:32:00,fruit,2.4
10:32:00,spices,1.0
10:33:00,checkout,1.2
10:33:00,dairy,2.8
10:33:00,drinks,2.2
10:33:00,fruit,1.8
10:33:00,spices,1.4
10:34:00,checkout,1.4
10:34:00,dairy,2.8
10:34:00,drinks,1.4
10:34:00,fruit,2.0
10:34:00,spices,1.6
10:35:00,checkout,2.2
10:35:00,dairy,3.6
10:35:00,drinks,1.2
10:35:00,fruit,1.8
10:35:00,spices,0.8
10:36:00,checkout,1.8
10:36:00,dairy,3.4
10:36:00,drinks,0.6
10:36:00,fruit,1.2
10:36:00,spices,1.8
10:37:00,checkout,0.6
10:37:00,dairy,3.2
10:37:00,drinks,1.0
10:37:00,fruit,2.4
10:37:00,spices,1.0
10:38:00,checkout,0.8
10:38:00,dairy,3.0
10:38:00,drinks,1.6
10:38:00,fruit,3.2
10:38:00,spices,0.6
10:39:00,checkout,2.0
10:39:00,dairy,3.0
10:39:00,drinks,1.2
10:39:00,fruit,2.0
10:39:00,spices,1.2
10:40:00,checkout,2.0
10:40:00,dairy,3.2
10:40:00,drinks,0.8
10:40:00,fruit,1.8
10:40:00,spices,1.6
10:41:00,checkout,0.6
10:41:00,dairy,4.2
10:41:00,drinks,1.2
10:41:00,fruit,1.4
10:41:00,spices,1.8
10:42:00,checkout,0.8
10:42:00,dairy,4.0
10:42:00,drinks,1.2
10:42:00,fruit,2.0
10:42:00,spices,1.8
10:43:00,checkout,1.0
10:43:00,dairy,3.4
10:43:00,drinks,2.0
10:43:00,fruit,1.4
10:43:00,spices,1.2
10:44:00,checkout,1.8
10:44:00,dairy,3.6
10:44:00,drinks,1.2
10:44:00,fruit,1.2
10:44:00,spices,1.6
10:45:00,checkout,0.6
10:45:00,dairy,2.4
10:45:00,drinks,1.2
10:45:00,fruit,1.8
10:45:00,spices,1.6
10:46:00,checkout,1.4
10:46:00,dairy,2.4
10:46:00,drinks,1.8
10:46:00,fruit,1.2
10:46:00,spices,1.0
10:47:00,checkout,0.8
10:47:00,dairy,2.6
10:47:00,drinks,1.2
10:47:00,fruit,2.0
10:47:00,spices,2.0
10:48:00,checkout,1.2
10:48:00,dairy,2.6
10:48:00,drinks,1.4
10:48:00,fruit,1.6
10:48:00,spices,1.6
10:49:00,checkout,1.2
10:49:00,dairy,2.2
10:49:00,drinks,1.8
10:49:00,fruit,2.4
10:49:00,spices,0.8
10:50:00,checkout,1.0
10:50:00,dairy,2.8
10:50:00,drinks,1.8
10:50:00,fruit,2.0
10:50:00,spices,1.6
10:51:00,checkout,2.0
10:51:00,dairy,3.4
10:51:00,drinks,1.2
10:51:00,fruit,1.4
10:51:00,spices,1.2
10:52:00,checkout,0.6
10:52:00,dairy,3.6
10:52:00,drinks,1.2
10:52:00,fruit,1.2
10:52:00,spices,0.8
10:53:00,checkout,1.2
10:53:00,dairy,3.2
10:53:00,drinks,1.2
10:53:00,fruit,1.0
10:53:00,spices,1.4
10:54:00,checkout,2.0
10:54:00,dairy,2.4
10:54:00,drinks,1.0
10:54:00,fruit,1.0
10:54:00,spices,1.4
10:55:00,checkout,0.8
10:55:00,dairy,2.6
10:55:00,drinks,1.0
10:55:00,fruit,1.0
10:55:00,spices,0.6
10:56:00,checkout,0.4
10:56:00,dairy,2.4
10:56:00,drinks,1.6
10:56:00,fruit,1.6
10:56:00,spices,1.0
10:57:00,checkout,0.8
10:57:00,dairy,2.2
10:57:00,drinks,1.8
10:57:00,fruit,1.6
10:57:00,spices,1.2
10:58:00,checkout,1.4
10:58:00,dairy,3.6
10:58:00,drinks,1.0
10:58:00,fruit,2.0
10:58:00,spices,1.2
10:59:00,checkout,1.6
10:59:00,dairy,3.2
10:59:00,drinks,1.2
10:59:00,fruit,1.6
10:59:00,spices,0.8
11:00:00,checkout,0.8
11:00:00,dairy,3.2
11:00:00,drinks,1.6
11:00:00,fruit,1.6
11:00:00,spices,1.0
11:01:00,checkout,1.4
11:01:00,dairy,3.4
11:01:00,drinks,2.2
11:01:00,fruit,1.8
11:01:00,spices,0.6
11:02:00,checkout,1.6
11:02:00,dairy,4.2
11:02:00,drinks,1.4
11:02:00,fruit,2.4
11:02:00,spices,0.6
11:03:00,checkout,1.0
11:03:00,dairy,3.6
11:03:00,drinks,2.4
11:03:00,fruit,1.6
11:03:00,spices,0.8
11:04:00,checkout,1.0
11:04:00,dairy,3.2
11:04:00,drinks,2.0
11:04:00,fruit,1.6
11:04:00,spices,0.6
11:05:00,checkout,2.2
11:05:00,dairy,2.6
11:05:00,drinks,1.8
11:05:00,fruit,0.6
11:05:00,spices,1.4
11:06:00,checkout,0.8
11:06:00,dairy,2.2
11:06:00,drinks,2.2
11:06:00,fruit,1.6
11:06:00,spices,1.2
11:07:00,checkout,1.6
11:07:00,dairy,2.4
11:07:00,drinks,2.2
11:07:00,fruit,2.4
11:07:00,spices,1.0
11:08:00,checkout,0.8
11:08:00,dairy,1.8
11:08:00,drinks,2.0
11:08:00,fruit,3.4
11:08:00,spices,1.2
11:09:00,checkout,1.4
11:09:00,dairy,1.6
11:09:00,drinks,2.0
11:09:00,fruit,3.4
11:09:00,spices,1.8
11:10:00,checkout,0.8
11:10:00,dairy,1.6
11:10:00,drinks,2.0
11:10:00,fruit,3.2
11:10:00,spices,1.6
11:11:00,checkout,1.8
11:11:00,dairy,1.8
11:11:00,drinks,1.4
11:11:00,fruit,2.0
11:11:00,spices,1.8
11:12:00,checkout,0.6
11:12:00,dairy,1.8
11:12:00,drinks,1.2
11:12:00,fruit,1.6
11:12:00,spices,2.2
11:13:00,checkout,1.4
11:13:00,dairy,2.2
11:13:00,drinks,1.0
11:13:00,fruit,1.8
11:13:00,spices,0.6
11:14:00,checkout,0.6
11:14:00,dairy,2.6
11:14:00,drinks,1.2
11:14:00,fruit,1.6
11:14:00,spices,0.2
11:15:00,checkout,0.8
11:15:00,dairy,2.2
11:15:00,drinks,1.6
11:15:00,fruit,1.4
11:15:00,spices,0.2
11:16:00,checkout,0.6
11:16:00,dairy,2.4
11:16:00,drinks,1.2
11:16:00,fruit,1.0
11:16:00,spices,0.8
11:17:00,checkout,0.4
11:17:00,dairy,2.4
11:17:00,drinks,1.0
11:17:00,fruit,1.4
11:17:00,spices,1.4
11:18:00,checkout,1.2
11:18:00,dairy,1.8
11:18:00,drinks,0.8
11:18:00,fruit,2.0
11:18:00,spices,0.6
11:19:00,checkout,0.4
11:19:00,dairy,1.6
11:19:00,drinks,0.8
11:19:00,fruit,2.8
11:19:00,spices,1.4
11:20:00,checkout,1.6
11:20:00,dairy,1.6
11:20:00,drinks,1.2
11:20:00,fruit,2.4
11:20:00,spices,1.0
11:21:00,checkout,1.4
11:21:00,dairy,1.4
11:21:00,drinks,0.4
11:21:00,fruit,2.2
11:21:00,spices,2.2
11:22:00,checkout,1.6
11:22:00,dairy,1.8
11:22:00,drinks,1.0
11:22:00,fruit,2.2
11:22:00,spices,1.2
11:23:00,checkout,2.0
11:23:00,dairy,1.6
11:23:00,drinks,1.2
11:23:00,fruit,1.6
11:23:00,spices,0.8
11:24:00,checkout,1.4
11:24:00,dairy,1.8
11:24:00,drinks,1.2
11:24:00,fruit,1.6
11:24:00,spices,1.4
11:25:00,checkout,2.0
11:25:00,dairy,2.0
11:25:00,drinks,1.2
11:25:00,fruit,0.4
11:25:00,spices,1.4
11:26:00,checkout,0.8
11:26:00,dairy,2.0
11:26:00,drinks,1.0
11:26:00,fruit,0.6
11:26:00,spices,0.8
11:27:00,checkout,0.4
11:27:00,dairy,3.0
11:27:00,drinks,1.4
11:27:00,fruit,1.4
11:27:00,spices,0.6
11:28:00,checkout,1.0
11:28:00,dairy,2.8
11:28:00,drinks,1.2
11:28:00,fruit,2.2
11:28:00,spices,1.0
11:29:00,checkout,1.0
11:29:00,dairy,3.0
11:29:00,drinks,1.8
11:29:00,fruit,0.8
11:29:00,spices,0.8
11:30:00,checkout,1.2
11:30:00,dairy,3.0
11:30:00,drinks,1.2
11:30:00,fruit,1.0
11:30:00,spices,0.6
11:31:00,checkout,0.8
11:31:00,dairy,2.6
11:31:00,drinks,1.4
11:31:00,fruit,1.2
11:31:00,spices,0.2
11:32:00,checkout,0.8
11:32:00,dairy,2.6
11:32:00,drinks,1.2
11:32:00,fruit,1.4
11:32:00,spices,0.6
11:33:00,checkout,1.4
11:33:00,dairy,2.0
11:33:00,drinks,0.8
11:33:00,fruit,1.4
11:33:00,spices,1.2
11:34:00,checkout,1.2
11:34:00,dairy,2.6
11:34:00,drinks,0.4
11:34:00,fruit,1.2
11:34:00,spices,1.2
11:35:00,checkout,0.8
11:35:00,dairy,2.2
11:35:00,drinks,0.8
11:35:00,fruit,1.2
11:35:00,spices,0.4
11:36:00,checkout,0.8
11:36:00,dairy,1.6
11:36:00,drinks,0.8
11:36:00,fruit,0.8
11:36:00,spices,0.6
11:37:00,checkout,0.8
11:37:00,dairy,1.8
11:37:00,drinks,1.0
11:37:00,fruit,0.8
11:37:00,spices,0.4
11:38:00,checkout,1.0
11:38:00,dairy,2.8
11:38:00,drinks,1.0
11:38:00,fruit,1.8
11:38:00,spices,0.4
11:39:00,checkout,0.6
11:39:00,dairy,3.8
11:39:00,drinks,1.0
11:39:00,fruit,2.0
11:39:00,spices,0.6
11:40:00,checkout,1.0
11:40:00,dairy,3.8
11:40:00,drinks,0.8
11:40:00,fruit,1.8
11:40:00,spices,0.6
11:41:00,checkout,1.0
11:41:00,dairy,3.8
11:41:00,drinks,1.2
11:41:00,fruit,1.6
11:41:00,spices,1.0
11:42:00,checkout,1.0
11:42:00,dairy,3.4
11:42:00,drinks,1.4
11:42:00,fruit,1.6
11:42:00,spices,1.2
11:43:00,checkout,0.8
11:43:00,dairy,3.8
11:43:00,drinks,1.4
11:43:00,fruit,2.2
11:43:00,spices,1.2
11:44:00,checkout,1.6
11:44:00,dairy,4.4
11:44:00,drinks,1.0
11:44:00,fruit,1.4
11:44:00,spices,0.6
11:45:00,checkout,0.4
11:45:00,dairy,4.2
11:45:00,drinks,1.2
11:45:00,fruit,2.2
11:45:00,spices,0.4
11:46:00,checkout,0.6
11:46:00,dairy,3.6
11:46:00,drinks,1.2
11:46:00,fruit,3.2
11:46:00,spices,1.6
11:47:00,checkout,2.0
11:47:00,dairy,3.0
11:47:00,drinks,1.6
11:47:00,fruit,2.6
11:47:00,spices,1.0
11:48:00,checkout,0.8
11:48:00,dairy,2.8
11:48:00,drinks,1.8
11:48:00,fruit,3.0
11:48:00,spices,1.0
11:49:00,checkout,1.0
11:49:00,dairy,2.4
11:49:00,drinks,1.2
11:49:00,fruit,4.4
11:49:00,spices,1.0
11:50:00,checkout,1.4
11:50:00,dairy,3.4
11:50:00,drinks,1.2
11:50:00,fruit,2.8
11:50:00,spices,0.8
11:51:00,checkout,1.0
11:51:00,dairy,4.6
11:51:00,drinks,1.0
11:51:00,fruit,2.4
11:51:00,spices,0.6
11:52:00,checkout,1.4
11:52:00,dairy,4.0
11:52:00,drinks,1.6
11:52:00,fruit,3.0
11:52:00,spices,0.8
11:53:00,checkout,1.2
11:53:00,dairy,4.2
11:53:00,drinks,2.0
11:53:00,fruit,3.6
11:53:00,spices,1.0
11:54:00,checkout,2.6
11:54:00,dairy,3.0
11:54:00,drinks,1.6
11:54:00,fruit,2.6
11:54:00,spices,1.0
11:55:00,checkout,1.0
11:55:00,dairy,3.4
11:55:00,drinks,0.8
11:55:00,fruit,3.0
11:55:00,spices,1.2
11:56:00,checkout,1.0
11:56:00,dairy,4.4
11:56:00,drinks,1.8
11:56:00,fruit,1.8
11:56:00,spices,0.6
11:57:00,checkout,2.4
11:57:00,dairy,2.2
11:57:00,drinks,1.0
11:57:00,fruit,2.0
11:57:00,spices,1.0
11:58:00,checkout,1.2
11:58:00,dairy,2.2
11:58:00,drinks,0.6
11:58:00,fruit,2.0
11:58:00,spices,1.2
11:59:00,checkout,1.2
11:59:00,dairy,2.2
11:59:00,drinks,0.8
11:59:00,fruit,2.2
11:59:00,spices,0.4
12:00:00,checkout,1.0
12:00:00,dairy,2.8
12:00:00,drinks,0.6
12:00:00,fruit,2.6
12:00:00,spices,0.4
12:01:00,checkout,0.6
12:01:00,dairy,3.0
12:01:00,drinks,1.0
12:01:00,fruit,2.2
12:01:00,spices,0.6
12:02:00,checkout,1.2
12:02:00,dairy,2.8
12:02:00,drinks,2.0
12:02:00,fruit,2.0
12:02:00,spices,1.0
12:03:00,checkout,1.6
12:03:00,dairy,3.0
12:03:00,drinks,2.0
12:03:00,fruit,1.8
12:03:00,spices,0.4
12:04:00,checkout,0.6
12:04:00,dairy,3.8
12:04:00,drinks,2.2
12:04:00,fruit,2.0
12:04:00,spices,1.4
12:05:00,checkout,1.8
12:05:00,dairy,3.6
12:05:00,drinks,2.4
12:05:00,fruit,2.0
12:05:00,spices,1.4
12:06:00,checkout,1.6
12:06:00,dairy,4.0
12:06:00,drinks,2.4
12:06:00,fruit,1.4
12:06:00,spices,0.8
12:07:00,checkout,1.4
12:07:00,dairy,3.6
12:07:00,drinks,2.6
12:07:00,fruit,1.8
12:07:00,spices,1.0
12:08:00,checkout,2.4
12:08:00,dairy,3.0
12:08:00,drinks,1.4
12:08:00,fruit,1.8
12:08:00,spices,1.2
12:09:00,checkout,1.0
12:09:00,dairy,2.6
12:09:00,drinks,2.0
12:09:00,fruit,1.2
12:09:00,spices,2.0
12:10:00,checkout,0.4
12:10:00,dairy,2.6
12:10:00,drinks,3.0
12:10:00,fruit,1.0
12:10:00,spices,1.2
12:11:00,checkout,1.8
12:11:00,dairy,1.8
12:11:00,drinks,2.2
12:11:00,fruit,2.0
12:11:00,spices,1.4
12:12:00,checkout,1.2
12:12:00,dairy,2.0
12:12:00,drinks,2.2
12:12:00,fruit,2.8
12:12:00,spices,1.4
12:13:00,checkout,1.6
12:13:00,dairy,3.8
12:13:00,drinks,1.8
12:13:00,fruit,2.2
12:13:00,spices,1.6
12:14:00,checkout,1.0
12:14:00,dairy,3.6
12:14:00,drinks,1.6
12:14:00,fruit,2.4
12:14:00,spices,1.4
12:15:00,checkout,1.8
12:15:00,dairy,3.4
12:15:00,drinks,2.2
12:15:00,fruit,2.0
12:15:00,spices,1.2
12:16:00,checkout,0.8
12:16:00,dairy,4.4
12:16:00,drinks,2.0
12:16:00,fruit,2.4
12:16:00,spices,0.2
12:17:00,checkout,2.2
12:17:00,dairy,4.2
12:17:00,drinks,1.0
12:17:00,fruit,2.6
12:17:00,spices,1.2
12:18:00,checkout,1.6
12:18:00,dairy,2.8
12:18:00,drinks,1.6
12:18:00,fruit,2.4
12:18:00,spices,0.8
12:19:00,checkout,1.2
12:19:00,dairy,2.4
12:19:00,drinks,1.2
12:19:00,fruit,3.4
12:19:00,spices,1.0
12:20:00,checkout,1.8
12:20:00,dairy,1.8
12:20:00,drinks,1.2
12:20:00,fruit,3.0
12:20:00,spices,0.2
12:21:00,checkout,1.4
12:21:00,dairy,2.8
12:21:00,drinks,0.8
12:21:00,fruit,2.0
12:21:00,spices,0.6
12:22:00,checkout,0.8
12:22:00,dairy,3.2
12:22:00,drinks,1.4
12:22:00,fruit,1.8
12:22:00,spices,0.8
12:23:00,checkout,1.4
12:23:00,dairy,3.0
12:23:00,drinks,1.4
12:23:00,fruit,1.6
12:23:00,spices,0.6
12:24:00,checkout,1.2
12:24:00,dairy,3.2
12:24:00,drinks,1.2
12:24:00,fruit,1.6
12:24:00,spices,0.4
12:25:00,checkout,0.8
12:25:00,dairy,3.0
12:25:00,drinks,1.6
12:25:00,fruit,1.6
12:25:00,spices,0.4
12:26:00,checkout,1.0
12:26:00,dairy,2.0
12:26:00,drinks,2.0
12:26:00,fruit,2.2
12:26:00,spices,1.0
12:27:00,checkout,2.0
12:27:00,dairy,2.2
12:27:00,drinks,1.8
12:27:00,fruit,1.8
12:27:00,spices,1.0
12:28:00,checkout,2.2
12:28:00,dairy,2.8
12:28:00,drinks,1.0
12:28:00,fruit,1.6
12:28:00,spices,1.2
12:29:00,checkout,0.8
12:29:00,dairy,2.6
12:29:00,drinks,1.0
12:29:00,fruit,1.2
12:29:00,spices,1.4
12:30:00,checkout,1.4
12:30:00,dairy,2.8
12:30:00,drinks,1.0
12:30:00,fruit,1.2
12:30:00,spices,1.0
12:31:00,checkout,1.0
12:31:00,dairy,2.2
12:31:00,drinks,1.4
12:31:00,fruit,1.6
12:31:00,spices,1.0
12:32:00,checkout,0.6
12:32:00,dairy,2.2
12:32:00,drinks,1.0
12:32:00,fruit,2.2
12:32:00,spices,1.2
12:33:00,checkout,0.8
12:33:00,dairy,2.4
12:33:00,drinks,1.0
12:33:00,fruit,2.0
12:33:00,spices,0.8
12:34:00,checkout,0.6
12:34:00,dairy,2.4
12:34:00,drinks,1.2
12:34:00,fruit,2.0
12:34:00,spices,0.4
12:35:00,checkout,1.0
12:35:00,dairy,2.8
12:35:00,drinks,1.8
12:35:00,fruit,1.2
12:35:00,spices,0.4
12:36:00,checkout,1.0
12:36:00,dairy,2.6
12:36:00,drinks,1.6
12:36:00,fruit,1.2
12:36:00,spices,1.0
12:37:00,checkout,1.4
12:37:00,dairy,2.2
12:37:00,drinks,1.6
12:37:00,fruit,2.0
12:37:00,spices,1.6
12:38:00,checkout,1.0
12:38:00,dairy,2.0
12:38:00,drinks,2.0
12:38:00,fruit,2.4
12:38:00,spices,1.2
12:39:00,checkout,1.2
12:39:00,dairy,2.8
12:39:00,drinks,2.8
12:39:00,fruit,1.6
12:39:00,spices,1.4
12:40:00,checkout,1.8
12:40:00,dairy,3.0
12:40:00,drinks,1.8
12:40:00,fruit,2.4
12:40:00,spices,1.4
12:41:00,checkout,1.2
12:41:00,dairy,2.4
12:41:00,drinks,2.8
12:41:00,fruit,2.0
12:41:00,spices,2.0
12:42:00,checkout,1.8
12:42:00,dairy,2.6
12:42:00,drinks,2.6
12:42:00,fruit,2.6
12:42:00,spices,1.4
12:43:00,checkout,2.2
12:43:00,dairy,2.4
12:43:00,drinks,2.0
12:43:00,fruit,2.8
12:43:00,spices,1.4
12:44:00,checkout,2.0
12:44:00,dairy,2.2
12:44:00,drinks,0.8
12:44:00,fruit,2.2
12:44:00,spices,2.0
12:45:00,checkout,1.8
12:45:00,dairy,2.2
12:45:00,drinks,1.2
12:45:00,fruit,2.6
12:45:00,spices,0.8
12:46:00,checkout,1.0
12:46:00,dairy,2.8
12:46:00,drinks,0.4
12:46:00,fruit,2.4
12:46:00,spices,1.8
12:47:00,checkout,0.6
12:47:00,dairy,4.0
12:47:00,drinks,0.4
12:47:00,fruit,2.8
12:47:00,spices,0.8
12:48:00,checkout,1.2
12:48:00,dairy,3.8
12:48:00,drinks,0.6
12:48:00,fruit,2.6
12:48:00,spices,1.6
12:49:00,checkout,1.2
12:49:00,dairy,4.0
12:49:00,drinks,1.2
12:49:00,fruit,1.8
12:49:00,spices,1.4
12:50:00,checkout,2.6
12:50:00,dairy,3.8
12:50:00,drinks,0.8
12:50:00,fruit,1.2
12:50:00,spices,0.8
12:51:00,checkout,0.6
12:51:00,dairy,3.8
12:51:00,drinks,1.2
12:51:00,fruit,1.4
12:51:00,spices,0.4
12:52:00,checkout,0.2
12:52:00,dairy,4.4
12:52:00,drinks,1.0
12:52:00,fruit,1.8
12:52:00,spices,0.6
12:53:00,checkout,0.6
12:53:00,dairy,4.0
12:53:00,drinks,0.6
12:53:00,fruit,2.2
12:53:00,spices,1.2
12:54:00,checkout,0.4
12:54:00,dairy,3.6
12:54:00,drinks,1.8
12:54:00,fruit,3.0
12:54:00,spices,1.6
12:55:00,checkout,1.8
12:55:00,dairy,4.2
12:55:00,drinks,2.4
12:55:00,fruit,2.4
12:55:00,spices,0.8
12:56:00,checkout,2.2
12:56:00,dairy,3.6
12:56:00,drinks,1.4
12:56:00,fruit,2.0
12:56:00,spices,1.4
12:57:00,checkout,1.2
12:57:00,dairy,4.0
12:57:00,drinks,1.2
12:57:00,fruit,2.4
12:57:00,spices,0.8
12:58:00,checkout,1.6
12:58:00,dairy,3.8
12:58:00,drinks,1.2
12:58:00,fruit,1.4
12:58:00,spices,1.2
12:59:00,checkout,0.6
12:59:00,dairy,3.4
12:59:00,drinks,1.4
12:59:00,fruit,1.4
12:59:00,spices,1.8
13:00:00,checkout,1.2
13:00:00,dairy,4.4
13:00:00,drinks,1.8
13:00:00,fruit,1.8
13:00:00,spices,1.0
13:01:00,checkout,1.6
13:01:00,dairy,4.0
13:01:00,drinks,1.8
13:01:00,fruit,1.4
13:01:00,spices,1.0
13:02:00,checkout,2.0
13:02:00,dairy,2.8
13:02:00,drinks,2.2
13:02:00,fruit,1.8
13:02:00,spices,0.6
13:03:00,checkout,1.0
13:03:00,dairy,2.8
13:03:00,drinks,1.8
13:03:00,fruit,1.2
13:03:00,spices,0.8
13:04:00,checkout,0.8
13:04:00,dairy,2.8
13:04:00,drinks,1.0
13:04:00,fruit,2.4
13:04:00,spices,0.6
13:05:00,checkout,0.6
13:05:00,dairy,3.0
13:05:00,drinks,2.0
13:05:00,fruit,2.8
13:05:00,spices,0.8
13:06:00,checkout,1.2
13:06:00,dairy,3.4
13:06:00,drinks,2.4
13:06:00,fruit,2.8
13:06:00,spices,1.0
13:07:00,checkout,2.4
13:07:00,dairy,3.2
13:07:00,drinks,2.6
13:07:00,fruit,2.6
13:07:00,spices,1.2
13:08:00,checkout,1.6
13:08:00,dairy,3.4
13:08:00,drinks,1.6
13:08:00,fruit,2.0
13:08:00,spices,1.6
13:09:00,checkout,1.4
13:09:00,dairy,2.6
13:09:00,drinks,1.2
13:09:00,fruit,3.4
13:09:00,spices,1.8
13:10:00,checkout,1.8
13:10:00,dairy,4.0
13:10:00,drinks,1.2
13:10:00,fruit,5.0
13:10:00,spices,1.8
13:11:00,checkout,1.6
13:11:00,dairy,4.4
13:11:00,drinks,2.0
13:11:00,fruit,3.6
13:11:00,spices,1.6
13:12:00,checkout,1.8
13:12:00,dairy,4.0
13:12:00,drinks,2.8
13:12:00,fruit,3.0
13:12:00,spices,2.2
13:13:00,checkout,1.2
13:13:00,dairy,4.6
13:13:00,drinks,2.4
13:13:00,fruit,3.4
13:13:00,spices,1.2
13:14:00,checkout,1.8
13:14:00,dairy,4.4
13:14:00,drinks,1.8
13:14:00,fruit,3.8
13:14:00,spices,1.2
13:15:00,checkout,1.8
13:15:00,dairy,4.6
13:15:00,drinks,2.0
13:15:00,fruit,4.4
13:15:00,spices,1.2
13:16:00,checkout,2.2
13:16:00,dairy,5.2
13:16:00,drinks,1.2
13:16:00,fruit,5.2
13:16:00,spices,1.8
13:17:00,checkout,1.6
13:17:00,dairy,4.8
13:17:00,drinks,2.2
13:17:00,fruit,4.6
13:17:00,spices,1.8
13:18:00,checkout,1.6
13:18:00,dairy,5.4
13:18:00,drinks,2.2
13:18:00,fruit,5.0
13:18:00,spices,2.0
13:19:00,checkout,0.8
13:19:00,dairy,5.6
13:19:00,drinks,2.8
13:19:00,fruit,5.4
13:19:00,spices,1.6
13:20:00,checkout,1.6
13:20:00,dairy,5.4
13:20:00,drinks,3.2
13:20:00,fruit,5.6
13:20:00,spices,2.0
13:21:00,checkout,2.8
13:21:00,dairy,5.2
13:21:00,drinks,3.8
13:21:00,fruit,4.2
13:21:00,spices,1.6
13:22:00,checkout,2.2
13:22:00,dairy,5.0
13:22:00,drinks,3.0
13:22:00,fruit,5.0
13:22:00,spices,1.6
13:23:00,checkout,2.4
13:23:00,dairy,5.2
13:23:00,drinks,2.4
13:23:00,fruit,3.8
13:23:00,spices,1.2
13:24:00,checkout,2.0
13:24:00,dairy,4.4
13:24:00,drinks,2.0
13:24:00,fruit,3.8
13:24:00,spices,2.2
13:25:00,checkout,2.0
13:25:00,dairy,4.4
13:25:00,drinks,2.4
13:25:00,fruit,3.6
13:25:00,spices,2.4
13:26:00,checkout,2.2
13:26:00,dairy,4.8
13:26:00,drinks,2.4
13:26:00,fruit,3.2
13:26:00,spices,2.8
13:27:00,checkout,1.8
13:27:00,dairy,4.0
13:27:00,drinks,3.2
13:27:00,fruit,3.0
13:27:00,spices,2.8
13:28:00,checkout,1.6
13:28:00,dairy,5.0
13:28:00,drinks,2.2
13:28:00,fruit,3.2
13:28:00,spices,2.4
13:29:00,checkout,2.6
13:29:00,dairy,4.6
13:29:00,drinks,2.0
13:29:00,fruit,3.8
13:29:00,spices,1.6
13:30:00,checkout,2.4
13:30:00,dairy,4.4
13:30:00,drinks,1.4
13:30:00,fruit,4.4
13:30:00,spices,1.8
13:31:00,checkout,2.6
13:31:00,dairy,4.8
13:31:00,drinks,1.4
13:31:00,fruit,4.2
13:31:00,spices,1.8
13:32:00,checkout,2.4
13:32:00,dairy,5.0
13:32:00,drinks,2.0
13:32:00,fruit,3.0
13:32:00,spices,1.2
13:33:00,checkout,2.6
13:33:00,dairy,4.0
13:33:00,drinks,1.4
13:33:00,fruit,2.8
13:33:00,spices,1.0
13:34:00,checkout,0.8
13:34:00,dairy,4.8
13:34:00,drinks,0.8
13:34:00,fruit,3.6
13:34:00,spices,2.0
13:35:00,checkout,2.2
13:35:00,dairy,4.6
13:35:00,drinks,1.2
13:35:00,fruit,3.0
13:35:00,spices,2.2
13:36:00,checkout,1.0
13:36:00,dairy,4.8
13:36:00,drinks,2.0
13:36:00,fruit,2.4
13:36:00,spices,1.6
13:37:00,checkout,1.8
13:37:00,dairy,4.6
13:37:00,drinks,1.8
13:37:00,fruit,3.8
13:37:00,spices,1.4
13:38:00,checkout,1.2
13:38:00,dairy,5.2
13:38:00,drinks,2.2
13:38:00,fruit,3.4
13:38:00,spices,1.6
13:39:00,checkout,2.0
13:39:00,dairy,5.2
13:39:00,drinks,1.2
13:39:00,fruit,4.2
13:39:00,spices,0.6
13:40:00,checkout,2.2
13:40:00,dairy,5.4
13:40:00,drinks,1.8
13:40:00,fruit,2.6
13:40:00,spices,0.2
13:41:00,checkout,0.8
13:41:00,dairy,5.2
13:41:00,drinks,2.0
13:41:00,fruit,2.8
13:41:00,spices,0.6
13:42:00,checkout,1.2
13:42:00,dairy,5.4
13:42:00,drinks,2.2
13:42:00,fruit,2.4
13:42:00,spices,0.6
13:43:00,checkout,1.4
13:43:00,dairy,4.2
13:43:00,drinks,1.8
13:43:00,fruit,3.4
13:43:00,spices,1.8
13:44:00,checkout,1.8
13:44:00,dairy,4.6
13:44:00,drinks,1.8
13:44:00,fruit,3.6
13:44:00,spices,0.4
13:45:00,checkout,1.0
13:45:00,dairy,4.2
13:45:00,drinks,2.4
13:45:00,fruit,3.4
13:45:00,spices,2.0
13:46:00,checkout,2.0
13:46:00,dairy,4.4
13:46:00,drinks,2.6
13:46:00,fruit,2.4
13:46:00,spices,2.0
13:47:00,checkout,2.2
13:47:00,dairy,3.6
13:47:00,drinks,1.0
13:47:00,fruit,3.6
13:47:00,spices,2.4
13:48:00,checkout,1.0
13:48:00,dairy,4.4
13:48:00,drinks,1.6
13:48:00,fruit,3.8
13:48:00,spices,1.6
13:49:00,checkout,2.0
13:49:00,dairy,3.8
13:49:00,drinks,1.4
13:49:00,fruit,3.4
13:49:00,spices,1.4
13:50:00,checkout,1.4
13:50:00,dairy,3.8
13:50:00,drinks,1.8
13:50:00,fruit,2.2
13:50:00,spices,1.6
13:51:00,checkout,1.8
13:51:00,dairy,3.8
13:51:00,drinks,1.6
13:51:00,fruit,3.0
13:51:00,spices,1.4
13:52:00,checkout,1.6
13:52:00,dairy,4.6
13:52:00,drinks,1.6
13:52:00,fruit,2.6
13:52:00,spices,1.8
13:53:00,checkout,1.6
13:53:00,dairy,5.6
13:53:00,drinks,1.6
13:53:00,fruit,1.4
13:53:00,spices,1.4
13:54:00,checkout,1.6
13:54:00,dairy,4.6
13:54:00,drinks,1.8
13:54:00,fruit,1.8
13:54:00,spices,2.0
13:55:00,checkout,1.4
13:55:00,dairy,4.2
13:55:00,drinks,2.2
13:55:00,fruit,2.4
13:55:00,spices,2.6
13:56:00,checkout,2.6
13:56:00,dairy,4.2
13:56:00,drinks,1.6
13:56:00,fruit,3.4
13:56:00,spices,1.8
13:57:00,checkout,1.4
13:57:00,dairy,4.2
13:57:00,drinks,2.2
13:57:00,fruit,3.2
13:57:00,spices,1.6
13:58:00,checkout,1.6
13:58:00,dairy,5.2
13:58:00,drinks,2.2
13:58:00,fruit,2.8
13:58:00,spices,1.6
13:59:00,checkout,2.0
13:59:00,dairy,5.0
13:59:00,drinks,1.2
13:59:00,fruit,3.0
13:59:00,spices,2.2
14:00:00,checkout,1.4
14:00:00,dairy,5.0
14:00:00,drinks,1.2
14:00:00,fruit,3.8
14:00:00,spices,1.6
14:01:00,checkout,1.4
14:01:00,dairy,4.8
14:01:00,drinks,1.8
14:01:00,fruit,2.6
14:01:00,spices,2.0
14:02:00,checkout,2.4
14:02:00,dairy,3.8
14:02:00,drinks,2.0
14:02:00,fruit,3.0
14:02:00,spices,1.2
14:03:00,checkout,1.8
14:03:00,dairy,3.2
14:03:00,drinks,2.4
14:03:00,fruit,2.2
14:03:00,spices,1.4
14:04:00,checkout,1.0
14:04:00,dairy,4.2
14:04:00,drinks,2.0
14:04:00,fruit,2.4
14:04:00,spices,1.4
14:05:00,checkout,2.0
14:05:00,dairy,3.4
14:05:00,drinks,1.6
14:05:00,fruit,2.2
14:05:00,spices,2.2
14:06:00,checkout,1.0
14:06:00,dairy,4.2
14:06:00,drinks,2.2
14:06:00,fruit,2.4
14:06:00,spices,1.2
14:07:00,checkout,1.8
14:07:00,dairy,3.6
14:07:00,drinks,2.2
14:07:00,fruit,2.6
14:07:00,spices,1.2
14:08:00,checkout,2.6
14:08:00,dairy,3.8
14:08:00,drinks,1.8
14:08:00,fruit,2.2
14:08:00,spices,1.0
14:09:00,checkout,1.6
14:09:00,dairy,4.0
14:09:00,drinks,1.8
14:09:00,fruit,2.0
14:09:00,spices,1.6
14:10:00,checkout,1.0
14:10:00,dairy,4.4
14:10:00,drinks,2.0
14:10:00,fruit,2.4
14:10:00,spices,1.0
14:11:00,checkout,1.6
14:11:00,dairy,4.2
14:11:00,drinks,3.0
14:11:00,fruit,2.4
14:11:00,spices,1.2
14:12:00,checkout,1.6
14:12:00,dairy,3.4
14:12:00,drinks,3.2
14:12:00,fruit,2.2
14:12:00,spices,1.6
14:13:00,checkout,2.2
14:13:00,dairy,3.4
14:13:00,drinks,2.4
14:13:00,fruit,1.8
14:13:00,spices,2.0
14:14:00,checkout,1.8
14:14:00,dairy,3.6
14:14:00,drinks,2.2
14:14:00,fruit,1.8
14:14:00,spices,0.6
14:15:00,checkout,1.6
14:15:00,dairy,3.2
14:15:00,drinks,1.6
14:15:00,fruit,1.6
14:15:00,spices,1.4
14:16:00,checkout,1.2
14:16:00,dairy,3.6
14:16:00,drinks,1.0
14:16:00,fruit,2.6
14:16:00,spices,1.8
14:17:00,checkout,1.2
14:17:00,dairy,3.8
14:17:00,drinks,1.0
14:17:00,fruit,2.8
14:17:00,spices,2.2
14:18:00,checkout,1.8
14:18:00,dairy,3.4
14:18:00,drinks,1.4
14:18:00,fruit,2.0
14:18:00,spices,1.4
14:19:00,checkout,0.8
14:19:00,dairy,4.0
14:19:00,drinks,1.6
14:19:00,fruit,1.4
14:19:00,spices,1.4
14:20:00,checkout,1.2
14:20:00,dairy,3.6
14:20:00,drinks,1.6
14:20:00,fruit,3.0
14:20:00,spices,1.6
14:21:00,checkout,1.8
14:21:00,dairy,3.6
14:21:00,drinks,2.6
14:21:00,fruit,2.4
14:21:00,spices,1.2
14:22:00,checkout,1.8
14:22:00,dairy,4.8
14:22:00,drinks,2.0
14:22:00,fruit,2.4
14:22:00,spices,1.8
14:23:00,checkout,1.4
14:23:00,dairy,4.8
14:23:00,drinks,1.8
14:23:00,fruit,3.2
14:23:00,spices,2.4
14:24:00,checkout,2.0
14:24:00,dairy,5.2
14:24:00,drinks,2.0
14:24:00,fruit,3.8
14:24:00,spices,1.0
14:25:00,checkout,1.8
14:25:00,dairy,5.2
14:25:00,drinks,1.2
14:25:00,fruit,3.8
14:25:00,spices,1.4
14:26:00,checkout,1.4
14:26:00,dairy,4.2
14:26:00,drinks,1.6
14:26:00,fruit,3.0
14:26:00,spices,1.4
14:27:00,checkout,2.2
14:27:00,dairy,3.8
14:27:00,drinks,1.6
14:27:00,fruit,2.2
14:27:00,spices,2.2
14:28:00,checkout,0.4
14:28:00,dairy,4.6
14:28:00,drinks,2.0
14:28:00,fruit,2.8
14:28:00,spices,2.0
14:29:00,checkout,1.8
14:29:00,dairy,4.6
14:29:00,drinks,1.8
14:29:00,fruit,2.8
14:29:00,spices,2.8
14:30:00,checkout,2.4
14:30:00,dairy,5.0
14:30:00,drinks,1.0
14:30:00,fruit,4.0
14:30:00,spices,2.2
14:31:00,checkout,2.0
14:31:00,dairy,5.0
14:31:00,drinks,1.6
14:31:00,fruit,3.8
14:31:00,spices,1.0
14:32:00,checkout,2.0
14:32:00,dairy,4.2
14:32:00,drinks,1.4
14:32:00,fruit,4.2
14:32:00,spices,0.6
14:33:00,checkout,2.4
14:33:00,dairy,4.6
14:33:00,drinks,2.0
14:33:00,fruit,2.2
14:33:00,spices,0.4
14:34:00,checkout,1.0
14:34:00,dairy,5.2
14:34:00,drinks,2.0
14:34:00,fruit,2.2
14:34:00,spices,1.0
14:35:00,checkout,1.0
14:35:00,dairy,4.4
14:35:00,drinks,1.6
14:35:00,fruit,3.4
14:35:00,spices,1.2
14:36:00,checkout,1.4
14:36:00,dairy,4.4
14:36:00,drinks,1.4
14:36:00,fruit,3.8
14:36:00,spices,1.2
14:37:00,checkout,2.4
14:37:00,dairy,4.0
14:37:00,drinks,1.4
14:37:00,fruit,1.8
14:37:00,spices,1.6
14:38:00,checkout,1.0
14:38:00,dairy,4.6
14:38:00,drinks,1.6
14:38:00,fruit,2.2
14:38:00,spices,3.0
14:39:00,checkout,2.2
14:39:00,dairy,4.4
14:39:00,drinks,1.8
14:39:00,fruit,2.0
14:39:00,spices,1.6
14:40:00,checkout,0.8
14:40:00,dairy,4.6
14:40:00,drinks,2.2
14:40:00,fruit,3.2
14:40:00,spices,2.8
14:41:00,checkout,0.8
14:41:00,dairy,5.4
14:41:00,drinks,2.2
14:41:00,fruit,3.2
14:41:00,spices,2.8
14:42:00,checkout,2.2
14:42:00,dairy,5.4
14:42:00,drinks,2.8
14:42:00,fruit,2.8
14:42:00,spices,1.4
14:43:00,checkout,1.2
14:43:00,dairy,6.6
14:43:00,drinks,3.0
14:43:00,fruit,2.8
14:43:00,spices,2.0
14:44:00,checkout,1.8
14:44:00,dairy,5.6
14:44:00,drinks,3.8
14:44:00,fruit,3.0
14:44:00,spices,2.6
14:45:00,checkout,1.6
14:45:00,dairy,4.8
14:45:00,drinks,2.4
14:45:00,fruit,4.6
14:45:00,spices,4.2
14:46:00,checkout,2.2
14:46:00,dairy,6.2
14:46:00,drinks,3.0
14:46:00,fruit,3.6
14:46:00,spices,2.4
14:47:00,checkout,2.0
14:47:00,dairy,5.6
14:47:00,drinks,2.8
14:47:00,fruit,4.0
14:47:00,spices,1.4
14:48:00,checkout,3.4
14:48:00,dairy,4.6
14:48:00,drinks,2.6
14:48:00,fruit,3.6
14:48:00,spices,0.6
14:49:00,checkout,2.4
14:49:00,dairy,5.0
14:49:00,drinks,1.8
14:49:00,fruit,2.4
14:49:00,spices,0.2
14:50:00,checkout,1.6
14:50:00,dairy,4.2
14:50:00,drinks,1.4
14:50:00,fruit,2.0
14:50:00,spices,1.4
14:51:00,checkout,1.2
14:51:00,dairy,4.4
14:51:00,drinks,1.4
14:51:00,fruit,3.0
14:51:00,spices,1.6
14:52:00,checkout,0.6
14:52:00,dairy,4.6
14:52:00,drinks,2.6
14:52:00,fruit,3.8
14:52:00,spices,1.0
14:53:00,checkout,3.0
14:53:00,dairy,4.4
14:53:00,drinks,1.4
14:53:00,fruit,3.2
14:53:00,spices,0.8
14:54:00,checkout,1.8
14:54:00,dairy,3.8
14:54:00,drinks,1.4
14:54:00,fruit,1.8
14:54:00,spices,1.4
14:55:00,checkout,1.4
14:55:00,dairy,3.2
14:55:00,drinks,1.2
14:55:00,fruit,2.6
14:55:00,spices,1.8
14:56:00,checkout,1.8
14:56:00,dairy,3.2
14:56:00,drinks,2.2
14:56:00,fruit,1.4
14:56:00,spices,1.2
14:57:00,checkout,1.8
14:57:00,dairy,2.6
14:57:00,drinks,2.0
14:57:00,fruit,1.6
14:57:00,spices,1.0
14:58:00,checkout,1.4
14:58:00,dairy,3.2
14:58:00,drinks,1.8
14:58:00,fruit,1.2
14:58:00,spices,1.2
14:59:00,checkout,0.8
14:59:00,dairy,3.4
14:59:00,drinks,2.4
14:59:00,fruit,2.6
14:59:00,spices,0.8
15:00:00,checkout,2.0
15:00:00,dairy,3.8
15:00:00,drinks,2.0
15:00:00,fruit,2.6
15:00:00,spices,1.2
15:01:00,checkout,1.2
15:01:00,dairy,3.6
15:01:00,drinks,1.6
15:01:00,fruit,2.4
15:01:00,spices,1.6
15:02:00,checkout,1.6
15:02:00,dairy,3.6
15:02:00,drinks,1.2
15:02:00,fruit,2.8
15:02:00,spices,1.4
15:03:00,checkout,0.6
15:03:00,dairy,3.4
15:03:00,drinks,1.6
15:03:00,fruit,3.4
15:03:00,spices,1.6
15:04:00,checkout,1.4
15:04:00,dairy,4.0
15:04:00,drinks,1.6
15:04:00,fruit,3.0
15:04:00,spices,0.8
15:05:00,checkout,1.4
15:05:00,dairy,3.6
15:05:00,drinks,1.6
15:05:00,fruit,3.2
15:05:00,spices,1.2
15:06:00,checkout,1.2
15:06:00,dairy,4.4
15:06:00,drinks,1.4
15:06:00,fruit,3.4
15:06:00,spices,0.8
15:07:00,checkout,2.8
15:07:00,dairy,2.6
15:07:00,drinks,1.2
15:07:00,fruit,3.4
15:07:00,spices,1.0
15:08:00,checkout,2.0
15:08:00,dairy,2.6
15:08:00,drinks,1.2
15:08:00,fruit,3.8
15:08:00,spices,1.4
15:09:00,checkout,1.2
15:09:00,dairy,3.0
15:09:00,drinks,2.4
15:09:00,fruit,3.2
15:09:00,spices,1.4
15:10:00,checkout,1.2
15:10:00,dairy,2.4
15:10:00,drinks,3.0
15:10:00,fruit,4.0
15:10:00,spices,1.6
15:11:00,checkout,2.4
15:11:00,dairy,3.0
15:11:00,drinks,2.8
15:11:00,fruit,3.2
15:11:00,spices,0.6
15:12:00,checkout,1.4
15:12:00,dairy,4.0
15:12:00,drinks,2.0
15:12:00,fruit,3.2
15:12:00,spices,0.8
15:13:00,checkout,1.8
15:13:00,dairy,4.0
15:13:00,drinks,2.6
15:13:00,fruit,2.2
15:13:00,spices,0.6
15:14:00,checkout,1.4
15:14:00,dairy,3.8
15:14:00,drinks,1.6
15:14:00,fruit,2.8
15:14:00,spices,0.8
15:15:00,checkout,0.8
15:15:00,dairy,4.8
15:15:00,drinks,1.4
15:15:00,fruit,3.8
15:15:00,spices,0.2
15:16:00,checkout,1.2
15:16:00,dairy,4.2
15:16:00,drinks,1.4
15:16:00,fruit,3.0
15:16:00,spices,1.8
15:17:00,checkout,1.6
15:17:00,dairy,4.4
15:17:00,drinks,1.4
15:17:00,fruit,2.6
15:17:00,spices,1.2
15:18:00,checkout,1.2
15:18:00,dairy,4.8
15:18:00,drinks,1.2
15:18:00,fruit,2.8
15:18:00,spices,1.2
15:19:00,checkout,2.4
15:19:00,dairy,4.2
15:19:00,drinks,0.8
15:19:00,fruit,2.4
15:19:00,spices,1.4
15:20:00,checkout,1.2
15:20:00,dairy,3.6
15:20:00,drinks,1.8
15:20:00,fruit,3.0
15:20:00,spices,0.6
15:21:00,checkout,1.6
15:21:00,dairy,3.6
15:21:00,drinks,1.4
15:21:00,fruit,3.4
15:21:00,spices,0.2
15:22:00,checkout,2.4
15:22:00,dairy,3.6
15:22:00,drinks,1.0
15:22:00,fruit,1.8
15:22:00,spices,1.0
15:23:00,checkout,0.6
15:23:00,dairy,5.0
15:23:00,drinks,1.4
15:23:00,fruit,1.8
15:23:00,spices,0.8
15:24:00,checkout,0.8
15:24:00,dairy,4.4
15:24:00,drinks,1.2
15:24:00,fruit,3.2
15:24:00,spices,1.0
15:25:00,checkout,1.8
15:25:00,dairy,4.2
15:25:00,drinks,0.4
15:25:00,fruit,3.0
15:25:00,spices,1.6
15:26:00,checkout,1.4
15:26:00,dairy,3.4
15:26:00,drinks,0.8
15:26:00,fruit,2.8
15:26:00,spices,1.6
15:27:00,checkout,1.6
15:27:00,dairy,3.0
15:27:00,drinks,1.8
15:27:00,fruit,2.8
15:27:00,spices,1.0
15:28:00,checkout,1.2
15:28:00,dairy,2.8
15:28:00,drinks,2.8
15:28:00,fruit,2.6
15:28:00,spices,0.8
15:29:00,checkout,2.0
15:29:00,dairy,2.8
15:29:00,drinks,1.8
15:29:00,fruit,2.8
15:29:00,spices,1.2
15:30:00,checkout,2.0
15:30:00,dairy,2.6
15:30:00,drinks,1.2
15:30:00,fruit,2.4
15:30:00,spices,0.8
15:31:00,checkout,1.0
15:31:00,dairy,2.2
15:31:00,drinks,1.4
15:31:00,fruit,2.2
15:31:00,spices,0.4
15:32:00,checkout,0.4
15:32:00,dairy,2.0
15:32:00,drinks,1.8
15:32:00,fruit,1.8
15:32:00,spices,1.2
15:33:00,checkout,0.6
15:33:00,dairy,3.2
15:33:00,drinks,2.0
15:33:00,fruit,1.6
15:33:00,spices,1.0
15:34:00,checkout,1.0
15:34:00,dairy,4.2
15:34:00,drinks,2.0
15:34:00,fruit,1.8
15:34:00,spices,0.8
15:35:00,checkout,2.2
15:35:00,dairy,3.6
15:35:00,drinks,0.6
15:35:00,fruit,1.8
15:35:00,spices,1.0
15:36:00,checkout,0.8
15:36:00,dairy,2.6
15:36:00,drinks,0.6
15:36:00,fruit,3.2
15:36:00,spices,1.0
15:37:00,checkout,0.6
15:37:00,dairy,2.4
15:37:00,drinks,0.8
15:37:00,fruit,3.4
15:37:00,spices,0.8
15:38:00,checkout,1.2
15:38:00,dairy,1.8
15:38:00,drinks,0.8
15:38:00,fruit,3.2
15:38:00,spices,1.0
15:39:00,checkout,0.6
15:39:00,dairy,2.2
15:39:00,drinks,1.2
15:39:00,fruit,3.2
15:39:00,spices,0.4
15:40:00,checkout,0.8
15:40:00,dairy,2.4
15:40:00,drinks,1.4
15:40:00,fruit,3.0
15:40:00,spices,1.4
15:41:00,checkout,1.2
15:41:00,dairy,2.8
15:41:00,drinks,2.0
15:41:00,fruit,3.2
15:41:00,spices,1.4
15:42:00,checkout,1.4
15:42:00,dairy,2.6
15:42:00,drinks,3.2
15:42:00,fruit,2.4
15:42:00,spices,0.8
15:43:00,checkout,1.2
15:43:00,dairy,3.6
15:43:00,drinks,2.0
15:43:00,fruit,2.4
15:43:00,spices,1.0
15:44:00,checkout,2.0
15:44:00,dairy,3.2
15:44:00,drinks,1.4
15:44:00,fruit,2.8
15:44:00,spices,1.0
15:45:00,checkout,1.0
15:45:00,dairy,3.6
15:45:00,drinks,1.4
15:45:00,fruit,2.8
15:45:00,spices,2.0
15:46:00,checkout,1.8
15:46:00,dairy,4.8
15:46:00,drinks,1.0
15:46:00,fruit,2.0
15:46:00,spices,1.8
15:47:00,checkout,1.4
15:47:00,dairy,4.4
15:47:00,drinks,2.0
15:47:00,fruit,3.2
15:47:00,spices,0.6
15:48:00,checkout,2.0
15:48:00,dairy,3.4
15:48:00,drinks,1.4
15:48:00,fruit,2.8
15:48:00,spices,0.6
15:49:00,checkout,1.0
15:49:00,dairy,3.8
15:49:00,drinks,1.0
15:49:00,fruit,3.2
15:49:00,spices,0.6
15:50:00,checkout,1.4
15:50:00,dairy,3.6
15:50:00,drinks,1.4
15:50:00,fruit,2.6
15:50:00,spices,0.6
15:51:00,checkout,1.2
15:51:00,dairy,2.8
15:51:00,drinks,1.2
15:51:00,fruit,2.6
15:51:00,spices,0.8
15:52:00,checkout,1.8
15:52:00,dairy,2.2
15:52:00,drinks,1.4
15:52:00,fruit,1.8
15:52:00,spices,0.8
15:53:00,checkout,1.0
15:53:00,dairy,2.0
15:53:00,drinks,0.6
15:53:00,fruit,1.8
15:53:00,spices,1.2
15:54:00,checkout,1.4
15:54:00,dairy,2.8
15:54:00,drinks,0.6
15:54:00,fruit,2.0
15:54:00,spices,0.8
15:55:00,checkout,1.2
15:55:00,dairy,2.8
15:55:00,drinks,0.8
15:55:00,fruit,2.2
15:55:00,spices,1.0
15:56:00,checkout,1.2
15:56:00,dairy,3.0
15:56:00,drinks,1.0
15:56:00,fruit,2.0
15:56:00,spices,0.6
15:57:00,checkout,1.0
15:57:00,dairy,2.6
15:57:00,drinks,1.6
15:57:00,fruit,1.8
15:57:00,spices,1.0
15:58:00,checkout,1.6
15:58:00,dairy,1.8
15:58:00,drinks,2.4
15:58:00,fruit,1.6
15:58:00,spices,0.8
15:59:00,checkout,1.0
15:59:00,dairy,1.8
15:59:00,drinks,1.8
15:59:00,fruit,1.6
15:59:00,spices,1.4
16:00:00,checkout,1.6
16:00:00,dairy,3.2
16:00:00,drinks,1.8
16:00:00,fruit,1.8
16:00:00,spices,0.6
16:01:00,checkout,0.8
16:01:00,dairy,3.2
16:01:00,drinks,2.2
16:01:00,fruit,2.4
16:01:00,spices,1.0
16:02:00,checkout,0.4
16:02:00,dairy,2.8
16:02:00,drinks,2.2
16:02:00,fruit,3.2
16:02:00,spices,1.4
16:03:00,checkout,1.2
16:03:00,dairy,3.6
16:03:00,drinks,2.2
16:03:00,fruit,3.0
16:03:00,spices,1.8
16:04:00,checkout,1.6
16:04:00,dairy,4.6
16:04:00,drinks,2.2
16:04:00,fruit,3.2
16:04:00,spices,1.4
16:05:00,checkout,1.4
16:05:00,dairy,4.4
16:05:00,drinks,2.4
16:05:00,fruit,3.6
16:05:00,spices,0.6
16:06:00,checkout,1.8
16:06:00,dairy,3.8
16:06:00,drinks,2.0
16:06:00,fruit,3.4
16:06:00,spices,1.4
16:07:00,checkout,2.6
16:07:00,dairy,3.4
16:07:00,drinks,1.4
16:07:00,fruit,2.8
16:07:00,spices,1.0
16:08:00,checkout,1.0
16:08:00,dairy,4.2
16:08:00,drinks,0.6
16:08:00,fruit,2.0
16:08:00,spices,1.2
16:09:00,checkout,1.6
16:09:00,dairy,4.2
16:09:00,drinks,1.0
16:09:00,fruit,1.4
16:09:00,spices,1.0
16:10:00,checkout,1.6
16:10:00,dairy,3.8
16:10:00,drinks,1.8
16:10:00,fruit,1.4
16:10:00,spices,1.8
16:11:00,checkout,1.0
16:11:00,dairy,4.0
16:11:00,drinks,2.2
16:11:00,fruit,2.0
16:11:00,spices,0.8
16:12:00,checkout,1.6
16:12:00,dairy,4.4
16:12:00,drinks,1.6
16:12:00,fruit,2.4
16:12:00,spices,1.0
16:13:00,checkout,2.0
16:13:00,dairy,3.4
16:13:00,drinks,1.6
16:13:00,fruit,2.6
16:13:00,spices,1.6
16:14:00,checkout,2.8
16:14:00,dairy,3.2
16:14:00,drinks,1.6
16:14:00,fruit,2.0
16:14:00,spices,0.8
16:15:00,checkout,0.4
16:15:00,dairy,3.4
16:15:00,drinks,1.4
16:15:00,fruit,3.8
16:15:00,spices,1.2
16:16:00,checkout,1.4
16:16:00,dairy,5.0
16:16:00,drinks,1.6
16:16:00,fruit,3.2
16:16:00,spices,0.6
16:17:00,checkout,2.2
16:17:00,dairy,6.6
16:17:00,drinks,1.4
16:17:00,fruit,2.8
16:17:00,spices,1.0
16:18:00,checkout,1.8
16:18:00,dairy,5.2
16:18:00,drinks,2.0
16:18:00,fruit,2.0
16:18:00,spices,1.2
16:19:00,checkout,1.6
16:19:00,dairy,4.2
16:19:00,drinks,2.4
16:19:00,fruit,2.6
16:19:00,spices,1.6
16:20:00,checkout,1.6
16:20:00,dairy,3.2
16:20:00,drinks,2.4
16:20:00,fruit,3.0
16:20:00,spices,1.8
16:21:00,checkout,2.6
16:21:00,dairy,3.6
16:21:00,drinks,1.6
16:21:00,fruit,1.8
16:21:00,spices,1.2
16:22:00,checkout,1.2
16:22:00,dairy,3.4
16:22:00,drinks,1.8
16:22:00,fruit,1.8
16:22:00,spices,1.2
16:23:00,checkout,1.4
16:23:00,dairy,3.8
16:23:00,drinks,2.2
16:23:00,fruit,1.8
16:23:00,spices,1.2
16:24:00,checkout,1.2
16:24:00,dairy,3.2
16:24:00,drinks,2.2
16:24:00,fruit,2.8
16:24:00,spices,1.6
16:25:00,checkout,1.8
16:25:00,dairy,3.4
16:25:00,drinks,2.2
16:25:00,fruit,3.0
16:25:00,spices,1.0
16:26:00,checkout,1.2
16:26:00,dairy,3.6
16:26:00,drinks,2.4
16:26:00,fruit,3.2
16:26:00,spices,0.6
16:27:00,checkout,1.8
16:27:00,dairy,3.0
16:27:00,drinks,2.4
16:27:00,fruit,3.0
16:27:00,spices,0.8
16:28:00,checkout,1.4
16:28:00,dairy,2.4
16:28:00,drinks,3.4
16:28:00,fruit,2.2
16:28:00,spices,0.6
16:29:00,checkout,1.4
16:29:00,dairy,3.4
16:29:00,drinks,3.0
16:29:00,fruit,2.4
16:29:00,spices,1.4
16:30:00,checkout,1.8
16:30:00,dairy,3.4
16:30:00,drinks,2.2
16:30:00,fruit,2.8
16:30:00,spices,1.8
16:31:00,checkout,2.2
16:31:00,dairy,3.4
16:31:00,drinks,2.2
16:31:00,fruit,2.4
16:31:00,spices,0.8
16:32:00,checkout,1.6
16:32:00,dairy,4.4
16:32:00,drinks,1.6
16:32:00,fruit,3.0
16:32:00,spices,1.0
16:33:00,checkout,1.2
16:33:00,dairy,3.8
16:33:00,drinks,2.4
16:33:00,fruit,4.2
16:33:00,spices,1.8
16:34:00,checkout,1.8
16:34:00,dairy,4.4
16:34:00,drinks,2.4
16:34:00,fruit,2.0
16:34:00,spices,1.8
16:35:00,checkout,1.2
16:35:00,dairy,4.8
16:35:00,drinks,2.2
16:35:00,fruit,2.2
16:35:00,spices,2.0
16:36:00,checkout,1.6
16:36:00,dairy,5.8
16:36:00,drinks,2.8
16:36:00,fruit,3.6
16:36:00,spices,0.8
16:37:00,checkout,1.8
16:37:00,dairy,5.4
16:37:00,drinks,2.8
16:37:00,fruit,3.2
16:37:00,spices,1.0
16:38:00,checkout,2.2
16:38:00,dairy,4.6
16:38:00,drinks,2.2
16:38:00,fruit,3.4
16:38:00,spices,1.8
16:39:00,checkout,1.6
16:39:00,dairy,4.4
16:39:00,drinks,2.6
16:39:00,fruit,3.0
16:39:00,spices,2.0
16:40:00,checkout,1.4
16:40:00,dairy,3.8
16:40:00,drinks,3.4
16:40:00,fruit,3.2
16:40:00,spices,2.4
16:41:00,checkout,2.2
16:41:00,dairy,3.6
16:41:00,drinks,3.2
16:41:00,fruit,3.2
16:41:00,spices,2.8
16:42:00,checkout,1.2
16:42:00,dairy,4.0
16:42:00,drinks,2.8
16:42:00,fruit,4.6
16:42:00,spices,1.8
16:43:00,checkout,1.8
16:43:00,dairy,3.6
16:43:00,drinks,3.8
16:43:00,fruit,5.2
16:43:00,spices,1.8
16:44:00,checkout,1.6
16:44:00,dairy,4.2
16:44:00,drinks,4.0
16:44:00,fruit,4.0
16:44:00,spices,1.8
16:45:00,checkout,1.4
16:45:00,dairy,4.2
16:45:00,drinks,3.8
16:45:00,fruit,4.6
16:45:00,spices,1.4
16:46:00,checkout,1.6
16:46:00,dairy,3.2
16:46:00,drinks,3.6
16:46:00,fruit,5.2
16:46:00,spices,1.8
16:47:00,checkout,4.2
16:47:00,dairy,3.8
16:47:00,drinks,2.4
16:47:00,fruit,4.2
16:47:00,spices,1.8
16:48:00,checkout,1.4
16:48:00,dairy,5.4
16:48:00,drinks,2.4
16:48:00,fruit,3.8
16:48:00,spices,1.4
16:49:00,checkout,2.6
16:49:00,dairy,4.6
16:49:00,drinks,2.2
16:49:00,fruit,4.0
16:49:00,spices,0.8
16:50:00,checkout,2.4
16:50:00,dairy,4.6
16:50:00,drinks,2.2
16:50:00,fruit,2.8
16:50:00,spices,1.2
16:51:00,checkout,2.8
16:51:00,dairy,3.4
16:51:00,drinks,1.4
16:51:00,fruit,4.2
16:51:00,spices,1.6
16:52:00,checkout,1.6
16:52:00,dairy,4.0
16:52:00,drinks,2.2
16:52:00,fruit,4.6
16:52:00,spices,2.0
16:53:00,checkout,1.4
16:53:00,dairy,5.6
16:53:00,drinks,2.2
16:53:00,fruit,4.2
16:53:00,spices,2.0
16:54:00,checkout,2.0
16:54:00,dairy,6.0
16:54:00,drinks,2.4
16:54:00,fruit,3.8
16:54:00,spices,2.0
16:55:00,checkout,2.8
16:55:00,dairy,5.4
16:55:00,drinks,2.4
16:55:00,fruit,2.8
16:55:00,spices,1.8
16:56:00,checkout,2.4
16:56:00,dairy,3.8
16:56:00,drinks,2.6
16:56:00,fruit,2.6
16:56:00,spices,2.8
16:57:00,checkout,1.4
16:57:00,dairy,3.6
16:57:00,drinks,2.0
16:57:00,fruit,3.2
16:57:00,spices,3.2
16:58:00,checkout,2.6
16:58:00,dairy,2.8
16:58:00,drinks,3.2
16:58:00,fruit,1.8
16:58:00,spices,2.2
16:59:00,checkout,1.8
16:59:00,dairy,3.2
16:59:00,drinks,2.4
16:59:00,fruit,2.2
16:59:00,spices,2.0
17:00:00,checkout,1.2
17:00:00,dairy,5.2
17:00:00,drinks,2.0
17:00:00,fruit,3.2
17:00:00,spices,1.6
17:01:00,checkout,1.4
17:01:00,dairy,4.8
17:01:00,drinks,2.0
17:01:00,fruit,3.4
17:01:00,spices,1.6
17:02:00,checkout,2.4
17:02:00,dairy,4.8
17:02:00,drinks,1.8
17:02:00,fruit,2.6
17:02:00,spices,1.4
17:03:00,checkout,1.8
17:03:00,dairy,4.4
17:03:00,drinks,2.2
17:03:00,fruit,2.2
17:03:00,spices,2.0
17:04:00,checkout,2.0
17:04:00,dairy,4.2
17:04:00,drinks,2.2
17:04:00,fruit,3.0
17:04:00,spices,2.2
17:05:00,checkout,1.0
17:05:00,dairy,4.8
17:05:00,drinks,1.4
17:05:00,fruit,3.8
17:05:00,spices,1.2
17:06:00,checkout,1.2
17:06:00,dairy,5.4
17:06:00,drinks,2.4
17:06:00,fruit,3.2
17:06:00,spices,2.0
17:07:00,checkout,1.4
17:07:00,dairy,5.6
17:07:00,drinks,2.8
17:07:00,fruit,3.2
17:07:00,spices,1.4
17:08:00,checkout,2.2
17:08:00,dairy,5.0
17:08:00,drinks,2.6
17:08:00,fruit,3.4
17:08:00,spices,1.8
17:09:00,checkout,2.6
17:09:00,dairy,5.2
17:09:00,drinks,2.2
17:09:00,fruit,3.2
17:09:00,spices,1.2
17:10:00,checkout,1.0
17:10:00,dairy,5.4
17:10:00,drinks,1.8
17:10:00,fruit,3.0
17:10:00,spices,1.6
17:11:00,checkout,2.0
17:11:00,dairy,4.4
17:11:00,drinks,3.0
17:11:00,fruit,2.6
17:11:00,spices,0.4
17:12:00,checkout,1.6
17:12:00,dairy,3.8
17:12:00,drinks,2.2
17:12:00,fruit,2.4
17:12:00,spices,0.6
17:13:00,checkout,0.8
17:13:00,dairy,5.2
17:13:00,drinks,2.8
17:13:00,fruit,2.4
17:13:00,spices,1.6
17:14:00,checkout,2.2
17:14:00,dairy,4.8
17:14:00,drinks,2.6
17:14:00,fruit,3.0
17:14:00,spices,1.8
17:15:00,checkout,1.4
17:15:00,dairy,6.6
17:15:00,drinks,2.4
17:15:00,fruit,3.2
17:15:00,spices,1.4
17:16:00,checkout,2.0
17:16:00,dairy,5.0
17:16:00,drinks,3.6
17:16:00,fruit,4.0
17:16:00,spices,2.0
17:17:00,checkout,2.2
17:17:00,dairy,4.8
17:17:00,drinks,3.2
17:17:00,fruit,4.4
17:17:00,spices,2.6
17:18:00,checkout,3.4
17:18:00,dairy,6.6
17:18:00,drinks,2.6
17:18:00,fruit,4.0
17:18:00,spices,1.0
17:19:00,checkout,3.0
17:19:00,dairy,6.2
17:19:00,drinks,1.8
17:19:00,fruit,4.0
17:19:00,spices,1.2
17:20:00,checkout,2.6
17:20:00,dairy,5.2
17:20:00,drinks,2.6
17:20:00,fruit,2.6
17:20:00,spices,1.8
17:21:00,checkout,1.2
17:21:00,dairy,4.2
17:21:00,drinks,2.6
17:21:00,fruit,4.2
17:21:00,spices,1.8
17:22:00,checkout,2.2
17:22:00,dairy,5.0
17:22:00,drinks,2.0
17:22:00,fruit,3.0
17:22:00,spices,1.4
17:23:00,checkout,2.0
17:23:00,dairy,4.2
17:23:00,drinks,1.4
17:23:00,fruit,2.8
17:23:00,spices,1.8
17:24:00,checkout,1.2
17:24:00,dairy,4.4
17:24:00,drinks,2.0
17:24:00,fruit,2.8
17:24:00,spices,2.0
17:25:00,checkout,1.0
17:25:00,dairy,4.6
17:25:00,drinks,2.6
17:25:00,fruit,3.8
17:25:00,spices,1.4
17:26:00,checkout,1.6
17:26:00,dairy,5.0
17:26:00,drinks,3.2
17:26:00,fruit,3.2
17:26:00,spices,0.4
17:27:00,checkout,1.8
17:27:00,dairy,4.6
17:27:00,drinks,1.6
17:27:00,fruit,3.8
17:27:00,spices,0.6
17:28:00,checkout,1.8
17:28:00,dairy,3.6
17:28:00,drinks,2.4
17:28:00,fruit,4.2
17:28:00,spices,0.6
17:29:00,checkout,2.4
17:29:00,dairy,3.4
17:29:00,drinks,1.8
17:29:00,fruit,2.8
17:29:00,spices,1.0
17:30:00,checkout,2.2
17:30:00,dairy,4.6
17:30:00,drinks,1.6
17:30:00,fruit,1.4
17:30:00,spices,0.6
17:31:00,checkout,1.2
17:31:00,dairy,5.2
17:31:00,drinks,1.6
17:31:00,fruit,2.8
17:31:00,spices,1.4
17:32:00,checkout,1.6
17:32:00,dairy,5.0
17:32:00,drinks,2.0
17:32:00,fruit,3.2
17:32:00,spices,1.0
17:33:00,checkout,2.2
17:33:00,dairy,3.4
17:33:00,drinks,2.4
17:33:00,fruit,3.2
17:33:00,spices,1.4
17:34:00,checkout,2.2
17:34:00,dairy,3.6
17:34:00,drinks,2.0
17:34:00,fruit,3.2
17:34:00,spices,1.4
17:35:00,checkout,2.2
17:35:00,dairy,2.4
17:35:00,drinks,2.6
17:35:00,fruit,3.8
17:35:00,spices,1.2
17:36:00,checkout,3.2
17:36:00,dairy,1.6
17:36:00,drinks,2.2
17:36:00,fruit,3.0
17:36:00,spices,1.4
17:37:00,checkout,0.8
17:37:00,dairy,2.4
17:37:00,drinks,2.2
17:37:00,fruit,3.8
17:37:00,spices,0.4
17:38:00,checkout,2.0
17:38:00,dairy,2.2
17:38:00,drinks,2.0
17:38:00,fruit,3.4
17:38:00,spices,0.6
17:39:00,checkout,1.2
17:39:00,dairy,2.8
17:39:00,drinks,2.4
17:39:00,fruit,3.4
17:39:00,spices,1.4
17:40:00,checkout,1.6
17:40:00,dairy,2.4
17:40:00,drinks,2.2
17:40:00,fruit,4.2
17:40:00,spices,1.4
17:41:00,checkout,1.8
17:41:00,dairy,2.4
17:41:00,drinks,1.8
17:41:00,fruit,4.2
17:41:00,spices,2.4
17:42:00,checkout,1.4
17:42:00,dairy,3.0
17:42:00,drinks,2.0
17:42:00,fruit,4.8
17:42:00,spices,0.8
17:43:00,checkout,2.2
17:43:00,dairy,2.4
17:43:00,drinks,2.2
17:43:00,fruit,4.0
17:43:00,spices,1.4
17:44:00,checkout,0.8
17:44:00,dairy,5.0
17:44:00,drinks,2.2
17:44:00,fruit,5.0
17:44:00,spices,1.6
17:45:00,checkout,1.8
17:45:00,dairy,5.0
17:45:00,drinks,2.2
17:45:00,fruit,4.4
17:45:00,spices,1.6
17:46:00,checkout,2.2
17:46:00,dairy,5.0
17:46:00,drinks,2.2
17:46:00,fruit,4.8
17:46:00,spices,1.4
17:47:00,checkout,1.4
17:47:00,dairy,5.6
17:47:00,drinks,2.8
17:47:00,fruit,4.2
17:47:00,spices,1.4
17:48:00,checkout,2.6
17:48:00,dairy,4.2
17:48:00,drinks,2.8
17:48:00,fruit,5.0
17:48:00,spices,2.2
17:49:00,checkout,2.2
17:49:00,dairy,5.2
17:49:00,drinks,3.2
17:49:00,fruit,4.6
17:49:00,spices,1.8
17:50:00,checkout,2.8
17:50:00,dairy,4.4
17:50:00,drinks,3.4
17:50:00,fruit,4.4
17:50:00,spices,0.8
17:51:00,checkout,1.6
17:51:00,dairy,4.0
17:51:00,drinks,3.2
17:51:00,fruit,3.6
17:51:00,spices,2.2
17:52:00,checkout,2.8
17:52:00,dairy,2.6
17:52:00,drinks,3.4
17:52:00,fruit,4.6
17:52:00,spices,2.2
17:53:00,checkout,2.0
17:53:00,dairy,3.2
17:53:00,drinks,2.8
17:53:00,fruit,5.4
17:53:00,spices,1.8
17:54:00,checkout,2.4
17:54:00,dairy,4.4
17:54:00,drinks,2.0
17:54:00,fruit,4.0
17:54:00,spices,0.8
17:55:00,checkout,1.8
17:55:00,dairy,5.2
17:55:00,drinks,1.8
17:55:00,fruit,3.0
17:55:00,spices,1.2
17:56:00,checkout,1.2
17:56:00,dairy,4.4
17:56:00,drinks,1.2
17:56:00,fruit,3.6
17:56:00,spices,1.4
17:57:00,checkout,1.6
17:57:00,dairy,3.8
17:57:00,drinks,1.6
17:57:00,fruit,3.6
17:57:00,spices,1.8
17:58:00,checkout,1.0
17:58:00,dairy,5.0
17:58:00,drinks,1.6
17:58:00,fruit,3.8
17:58:00,spices,2.0
17:59:00,checkout,2.6
17:59:00,dairy,5.0
17:59:00,drinks,2.0
17:59:00,fruit,3.4
17:59:00,spices,1.0
18:00:00,checkout,1.8
18:00:00,dairy,4.4
18:00:00,drinks,2.8
18:00:00,fruit,2.6
18:00:00,spices,1.2
18:01:00,checkout,1.6
18:01:00,dairy,5.8
18:01:00,drinks,3.2
18:01:00,fruit,3.2
18:01:00,spices,0.8
18:02:00,checkout,1.8
18:02:00,dairy,6.2
18:02:00,drinks,2.8
18:02:00,fruit,3.0
18:02:00,spices,2.0
18:03:00,checkout,1.4
18:03:00,dairy,5.6
18:03:00,drinks,3.4
18:03:00,fruit,3.2
18:03:00,spices,2.2
18:04:00,checkout,2.6
18:04:00,dairy,6.0
18:04:00,drinks,3.0
18:04:00,fruit,3.6
18:04:00,spices,2.0
18:05:00,checkout,2.4
18:05:00,dairy,4.6
18:05:00,drinks,2.6
18:05:00,fruit,3.4
18:05:00,spices,2.2
18:06:00,checkout,1.4
18:06:00,dairy,6.2
18:06:00,drinks,3.2
18:06:00,fruit,3.0
18:06:00,spices,2.0
18:07:00,checkout,1.8
18:07:00,dairy,6.0
18:07:00,drinks,3.6
18:07:00,fruit,2.2
18:07:00,spices,2.2
18:08:00,checkout,2.0
18:08:00,dairy,5.6
18:08:00,drinks,4.0
18:08:00,fruit,2.4
18:08:00,spices,2.0
18:09:00,checkout,2.0
18:09:00,dairy,5.0
18:09:00,drinks,3.6
18:09:00,fruit,2.4
18:09:00,spices,1.6
18:10:00,checkout,0.6
18:10:00,dairy,5.6
18:10:00,drinks,3.4
18:10:00,fruit,3.0
18:10:00,spices,2.2
18:11:00,checkout,3.0
18:11:00,dairy,4.6
18:11:00,drinks,1.8
18:11:00,fruit,4.2
18:11:00,spices,2.4
18:12:00,checkout,1.8
18:12:00,dairy,4.0
18:12:00,drinks,1.6
18:12:00,fruit,4.2
18:12:00,spices,3.0
18:13:00,checkout,2.2
18:13:00,dairy,4.4
18:13:00,drinks,2.2
18:13:00,fruit,4.0
18:13:00,spices,1.8
18:14:00,checkout,2.2
18:14:00,dairy,5.6
18:14:00,drinks,2.8
18:14:00,fruit,4.0
18:14:00,spices,0.6
18:15:00,checkout,2.4
18:15:00,dairy,6.0
18:15:00,drinks,1.8
18:15:00,fruit,3.2
18:15:00,spices,1.6
18:16:00,checkout,1.6
18:16:00,dairy,5.6
18:16:00,drinks,2.2
18:16:00,fruit,2.2
18:16:00,spices,1.6
18:17:00,checkout,1.6
18:17:00,dairy,5.0
18:17:00,drinks,2.4
18:17:00,fruit,3.0
18:17:00,spices,2.0
18:18:00,checkout,2.0
18:18:00,dairy,4.8
18:18:00,drinks,2.4
18:18:00,fruit,3.2
18:18:00,spices,2.6
18:19:00,checkout,2.0
18:19:00,dairy,4.8
18:19:00,drinks,3.4
18:19:00,fruit,3.2
18:19:00,spices,1.2
18:20:00,checkout,2.0
18:20:00,dairy,4.2
18:20:00,drinks,3.4
18:20:00,fruit,3.2
18:20:00,spices,2.0
18:21:00,checkout,2.4
18:21:00,dairy,4.4
18:21:00,drinks,2.8
18:21:00,fruit,4.4
18:21:00,spices,1.4
18:22:00,checkout,1.2
18:22:00,dairy,5.2
18:22:00,drinks,2.4
18:22:00,fruit,4.8
18:22:00,spices,1.8
18:23:00,checkout,2.8
18:23:00,dairy,5.2
18:23:00,drinks,2.2
18:23:00,fruit,3.6
18:23:00,spices,1.4
18:24:00,checkout,2.2
18:24:00,dairy,5.2
18:24:00,drinks,1.8
18:24:00,fruit,4.2
18:24:00,spices,1.4
18:25:00,checkout,1.4
18:25:00,dairy,5.2
18:25:00,drinks,1.8
18:25:00,fruit,4.4
18:25:00,spices,2.4
18:26:00,checkout,1.0
18:26:00,dairy,5.6
18:26:00,drinks,2.0
18:26:00,fruit,4.4
18:26:00,spices,2.0
18:27:00,checkout,2.6
18:27:00,dairy,4.8
18:27:00,drinks,3.0
18:27:00,fruit,4.6
18:27:00,spices,1.6
18:28:00,checkout,3.2
18:28:00,dairy,4.4
18:28:00,drinks,2.6
18:28:00,fruit,4.4
18:28:00,spices,0.8
18:29:00,checkout,2.0
18:29:00,dairy,6.4
18:29:00,drinks,2.2
18:29:00,fruit,2.8
18:29:00,spices,1.0
18:30:00,checkout,1.6
18:30:00,dairy,6.0
18:30:00,drinks,3.0
18:30:00,fruit,3.2
18:30:00,spices,1.0
18:31:00,checkout,1.2
18:31:00,dairy,5.8
18:31:00,drinks,3.0
18:31:00,fruit,3.2
18:31:00,spices,2.6
18:32:00,checkout,2.2
18:32:00,dairy,5.4
18:32:00,drinks,3.6
18:32:00,fruit,4.0
18:32:00,spices,1.8
18:33:00,checkout,2.6
18:33:00,dairy,6.2
18:33:00,drinks,2.2
18:33:00,fruit,4.2
18:33:00,spices,2.0
18:34:00,checkout,1.6
18:34:00,dairy,6.2
18:34:00,drinks,2.6
18:34:00,fruit,4.8
18:34:00,spices,2.6
18:35:00,checkout,2.6
18:35:00,dairy,7.2
18:35:00,drinks,3.6
18:35:00,fruit,4.0
18:35:00,spices,1.8
18:36:00,checkout,1.6
18:36:00,dairy,6.0
18:36:00,drinks,3.8
18:36:00,fruit,3.4
18:36:00,spices,3.2
18:37:00,checkout,3.6
18:37:00,dairy,6.0
18:37:00,drinks,3.2
18:37:00,fruit,3.4
18:37:00,spices,2.0
18:38:00,checkout,2.0
18:38:00,dairy,7.0
18:38:00,drinks,3.2
18:38:00,fruit,2.8
18:38:00,spices,2.0
18:39:00,checkout,2.6
18:39:00,dairy,6.2
18:39:00,drinks,3.2
18:39:00,fruit,3.6
18:39:00,spices,2.4
18:40:00,checkout,3.6
18:40:00,dairy,4.8
18:40:00,drinks,2.2
18:40:00,fruit,4.6
18:40:00,spices,2.8
18:41:00,checkout,2.4
18:41:00,dairy,5.4
18:41:00,drinks,2.4
18:41:00,fruit,4.2
18:41:00,spices,1.8
18:42:00,checkout,2.2
18:42:00,dairy,5.2
18:42:00,drinks,2.8
18:42:00,fruit,4.4
18:42:00,spices,1.8
18:43:00,checkout,1.8
18:43:00,dairy,5.4
18:43:00,drinks,4.0
18:43:00,fruit,3.0
18:43:00,spices,2.2
18:44:00,checkout,2.6
18:44:00,dairy,4.4
18:44:00,drinks,3.2
18:44:00,fruit,4.8
18:44:00,spices,2.0
18:45:00,checkout,1.8
18:45:00,dairy,4.4
18:45:00,drinks,4.2
18:45:00,fruit,4.6
18:45:00,spices,1.6
18:46:00,checkout,2.6
18:46:00,dairy,4.6
18:46:00,drinks,4.0
18:46:00,fruit,3.6
18:46:00,spices,1.4
18:47:00,checkout,2.2
18:47:00,dairy,3.4
18:47:00,drinks,3.6
18:47:00,fruit,4.0
18:47:00,spices,2.6
18:48:00,checkout,2.2
18:48:00,dairy,4.0
18:48:00,drinks,3.6
18:48:00,fruit,4.8
18:48:00,spices,2.0
18:49:00,checkout,2.8
18:49:00,dairy,4.0
18:49:00,drinks,3.8
18:49:00,fruit,4.2
18:49:00,spices,1.2
18:50:00,checkout,2.6
18:50:00,dairy,3.8
18:50:00,drinks,2.4
18:50:00,fruit,4.4
18:50:00,spices,2.0
18:51:00,checkout,2.4
18:51:00,dairy,5.0
18:51:00,drinks,3.0
18:51:00,fruit,3.6
18:51:00,spices,1.6
18:52:00,checkout,2.4
18:52:00,dairy,3.2
18:52:00,drinks,3.4
18:52:00,fruit,2.8
18:52:00,spices,2.4
18:53:00,checkout,2.2
18:53:00,dairy,3.8
18:53:00,drinks,3.6
18:53:00,fruit,3.0
18:53:00,spices,1.6
18:54:00,checkout,1.4
18:54:00,dairy,5.0
18:54:00,drinks,3.6
18:54:00,fruit,2.8
18:54:00,spices,1.6
18:55:00,checkout,1.2
18:55:00,dairy,4.6
18:55:00,drinks,2.6
18:55:00,fruit,3.8
18:55:00,spices,2.4
18:56:00,checkout,1.6
18:56:00,dairy,5.2
18:56:00,drinks,3.4
18:56:00,fruit,3.0
18:56:00,spices,1.8
18:57:00,checkout,2.6
18:57:00,dairy,6.2
18:57:00,drinks,3.0
18:57:00,fruit,2.4
18:57:00,spices,2.2
18:58:00,checkout,2.0
18:58:00,dairy,5.4
18:58:00,drinks,4.8
18:58:00,fruit,2.4
18:58:00,spices,2.2
18:59:00,checkout,2.8
18:59:00,dairy,5.6
18:59:00,drinks,4.0
18:59:00,fruit,3.8
18:59:00,spices,1.6
19:00:00,checkout,2.4
19:00:00,dairy,5.6
19:00:00,drinks,4.0
19:00:00,fruit,4.2
19:00:00,spices,1.2
19:01:00,checkout,1.8
19:01:00,dairy,5.2
19:01:00,drinks,4.6
19:01:00,fruit,3.8
19:01:00,spices,2.2
19:02:00,checkout,2.6
19:02:00,dairy,5.2
19:02:00,drinks,3.2
19:02:00,fruit,5.6
19:02:00,spices,2.2
19:03:00,checkout,3.4
19:03:00,dairy,4.8
19:03:00,drinks,3.6
19:03:00,fruit,5.2
19:03:00,spices,2.4
19:04:00,checkout,4.6
19:04:00,dairy,4.2
19:04:00,drinks,3.6
19:04:00,fruit,3.4
19:04:00,spices,2.0
19:05:00,checkout,1.6
19:05:00,dairy,4.0
19:05:00,drinks,3.0
19:05:00,fruit,4.0
19:05:00,spices,2.8
19:06:00,checkout,2.4
19:06:00,dairy,4.0
19:06:00,drinks,3.6
19:06:00,fruit,3.6
19:06:00,spices,2.8
19:07:00,checkout,3.0
19:07:00,dairy,5.2
19:07:00,drinks,3.2
19:07:00,fruit,3.8
19:07:00,spices,2.2
19:08:00,checkout,2.0
19:08:00,dairy,5.4
19:08:00,drinks,3.0
19:08:00,fruit,4.0
19:08:00,spices,2.4
19:09:00,checkout,1.6
19:09:00,dairy,5.8
19:09:00,drinks,3.6
19:09:00,fruit,4.6
19:09:00,spices,1.8
19:10:00,checkout,2.2
19:10:00,dairy,6.4
19:10:00,drinks,4.6
19:10:00,fruit,5.0
19:10:00,spices,1.2
19:11:00,checkout,3.8
19:11:00,dairy,6.2
19:11:00,drinks,3.8
19:11:00,fruit,4.2
19:11:00,spices,0.8
19:12:00,checkout,2.0
19:12:00,dairy,7.0
19:12:00,drinks,2.8
19:12:00,fruit,4.0
19:12:00,spices,1.4
19:13:00,checkout,2.0
19:13:00,dairy,6.8
19:13:00,drinks,2.8
19:13:00,fruit,4.2
19:13:00,spices,2.8
19:14:00,checkout,2.8
19:14:00,dairy,7.6
19:14:00,drinks,3.4
19:14:00,fruit,3.6
19:14:00,spices,2.6
19:15:00,checkout,3.4
19:15:00,dairy,7.4
19:15:00,drinks,2.0
19:15:00,fruit,5.6
19:15:00,spices,1.4
19:16:00,checkout,1.4
19:16:00,dairy,7.6
19:16:00,drinks,3.4
19:16:00,fruit,5.4
19:16:00,spices,1.8
19:17:00,checkout,2.2
19:17:00,dairy,8.4
19:17:00,drinks,4.6
19:17:00,fruit,6.6
19:17:00,spices,1.4
19:18:00,checkout,3.6
19:18:00,dairy,7.2
19:18:00,drinks,3.8
19:18:00,fruit,6.2
19:18:00,spices,2.0
19:19:00,checkout,3.2
19:19:00,dairy,6.0
19:19:00,drinks,4.8
19:19:00,fruit,3.8
19:19:00,spices,2.0
19:20:00,checkout,3.0
19:20:00,dairy,5.8
19:20:00,drinks,4.6
19:20:00,fruit,4.2
19:20:00,spices,1.2
19:21:00,checkout,3.0
19:21:00,dairy,5.4
19:21:00,drinks,3.6
19:21:00,fruit,4.2
19:21:00,spices,1.6
19:22:00,checkout,3.0
19:22:00,dairy,3.6
19:22:00,drinks,3.6
19:22:00,fruit,4.0
19:22:00,spices,2.6
19:23:00,checkout,3.0
19:23:00,dairy,3.4
19:23:00,drinks,4.0
19:23:00,fruit,3.8
19:23:00,spices,2.2
19:24:00,checkout,3.0
19:24:00,dairy,3.6
19:24:00,drinks,3.8
19:24:00,fruit,3.8
19:24:00,spices,1.2
19:25:00,checkout,2.2
19:25:00,dairy,3.8
19:25:00,drinks,1.6
19:25:00,fruit,4.0
19:25:00,spices,2.4
19:26:00,checkout,2.4
19:26:00,dairy,3.0
19:26:00,drinks,2.4
19:26:00,fruit,3.8
19:26:00,spices,2.6
19:27:00,checkout,1.8
19:27:00,dairy,4.6
19:27:00,drinks,3.0
19:27:00,fruit,3.0
19:27:00,spices,2.6
19:28:00,checkout,2.2
19:28:00,dairy,4.2
19:28:00,drinks,4.0
19:28:00,fruit,3.4
19:28:00,spices,2.6
19:29:00,checkout,2.2
19:29:00,dairy,4.4
19:29:00,drinks,3.6
19:29:00,fruit,3.4
19:29:00,spices,3.2
19:30:00,checkout,1.2
19:30:00,dairy,6.4
19:30:00,drinks,3.2
19:30:00,fruit,5.8
19:30:00,spices,3.0
19:31:00,checkout,3.2
19:31:00,dairy,6.0
19:31:00,drinks,3.4
19:31:00,fruit,6.4
19:31:00,spices,1.8
19:32:00,checkout,2.4
19:32:00,dairy,6.2
19:32:00,drinks,3.0
19:32:00,fruit,6.2
19:32:00,spices,2.0
19:33:00,checkout,2.4
19:33:00,dairy,6.0
19:33:00,drinks,3.4
19:33:00,fruit,6.0
19:33:00,spices,1.6
19:34:00,checkout,2.2
19:34:00,dairy,6.4
19:34:00,drinks,3.8
19:34:00,fruit,4.8
19:34:00,spices,3.0
19:35:00,checkout,2.8
19:35:00,dairy,6.6
19:35:00,drinks,4.2
19:35:00,fruit,4.0
19:35:00,spices,1.6
19:36:00,checkout,2.0
19:36:00,dairy,5.6
19:36:00,drinks,4.0
19:36:00,fruit,3.8
19:36:00,spices,2.8
19:37:00,checkout,2.2
19:37:00,dairy,5.4
19:37:00,drinks,4.0
19:37:00,fruit,4.2
19:37:00,spices,2.8
19:38:00,checkout,1.8
19:38:00,dairy,7.0
19:38:00,drinks,4.4
19:38:00,fruit,2.8
19:38:00,spices,3.8
19:39:00,checkout,3.2
19:39:00,dairy,7.4
19:39:00,drinks,4.6
19:39:00,fruit,3.2
19:39:00,spices,2.6
19:40:00,checkout,1.6
19:40:00,dairy,7.2
19:40:00,drinks,4.8
19:40:00,fruit,3.2
19:40:00,spices,2.8
19:41:00,checkout,1.8
19:41:00,dairy,7.0
19:41:00,drinks,4.6
19:41:00,fruit,3.2
19:41:00,spices,1.6
19:42:00,checkout,2.8
19:42:00,dairy,7.0
19:42:00,drinks,2.8
19:42:00,fruit,4.0
19:42:00,spices,1.8
19:43:00,checkout,2.4
19:43:00,dairy,7.8
19:43:00,drinks,2.4
19:43:00,fruit,4.0
19:43:00,spices,1.8
19:44:00,checkout,2.2
19:44:00,dairy,7.0
19:44:00,drinks,2.0
19:44:00,fruit,3.6
19:44:00,spices,2.0
19:45:00,checkout,3.8
19:45:00,dairy,5.0
19:45:00,drinks,3.8
19:45:00,fruit,3.0
19:45:00,spices,2.0
19:46:00,checkout,2.4
19:46:00,dairy,4.8
19:46:00,drinks,4.0
19:46:00,fruit,3.2
19:46:00,spices,1.4
19:47:00,checkout,3.0
19:47:00,dairy,4.8
19:47:00,drinks,3.6
19:47:00,fruit,2.8
19:47:00,spices,2.4
19:48:00,checkout,2.0
19:48:00,dairy,4.2
19:48:00,drinks,3.2
19:48:00,fruit,3.4
19:48:00,spices,2.4
19:49:00,checkout,2.0
19:49:00,dairy,5.8
19:49:00,drinks,3.4
19:49:00,fruit,3.6
19:49:00,spices,1.4
19:50:00,checkout,2.4
19:50:00,dairy,6.2
19:50:00,drinks,3.0
19:50:00,fruit,4.0
19:50:00,spices,2.6
19:51:00,checkout,2.2
19:51:00,dairy,6.6
19:51:00,drinks,3.6
19:51:00,fruit,4.6
19:51:00,spices,1.6
19:52:00,checkout,3.4
19:52:00,dairy,6.0
19:52:00,drinks,2.8
19:52:00,fruit,4.8
19:52:00,spices,2.0
19:53:00,checkout,2.0
19:53:00,dairy,6.0
19:53:00,drinks,3.4
19:53:00,fruit,4.6
19:53:00,spices,2.2
19:54:00,checkout,3.2
19:54:00,dairy,5.8
19:54:00,drinks,3.4
19:54:00,fruit,3.4
19:54:00,spices,2.4
19:55:00,checkout,3.0
19:55:00,dairy,6.0
19:55:00,drinks,3.8
19:55:00,fruit,3.4
19:55:00,spices,1.4
19:56:00,checkout,1.6
19:56:00,dairy,5.6
19:56:00,drinks,5.2
19:56:00,fruit,2.8
19:56:00,spices,1.6
19:57:00,checkout,3.0
19:57:00,dairy,5.2
19:57:00,drinks,3.6
19:57:00,fruit,3.0
19:57:00,spices,2.0
19:58:00,checkout,2.4
19:58:00,dairy,5.4
19:58:00,drinks,3.8
19:58:00,fruit,3.0
19:58:00,spices,2.6
19:59:00,checkout,2.6
19:59:00,dairy,4.6
19:59:00,drinks,3.4
19:59:00,fruit,3.8
19:59:00,spices,2.0
20:00:00,checkout,2.6
20:00:00,dairy,4.0
20:00:00,drinks,2.6
20:00:00,fruit,4.0
20:00:00,spices,1.2
20:01:00,checkout,2.6
20:01:00,dairy,3.6
20:01:00,drinks,2.0
20:01:00,fruit,3.0
20:01:00,spices,1.4
20:02:00,checkout,1.6
20:02:00,dairy,4.8
20:02:00,drinks,1.8
20:02:00,fruit,2.0
20:02:00,spices,1.6
20:03:00,checkout,2.4
20:03:00,dairy,3.2
20:03:00,drinks,2.6
20:03:00,fruit,2.2
20:03:00,spices,0.4
20:04:00,checkout,1.2
20:04:00,dairy,2.8
20:04:00,drinks,2.4
20:04:00,fruit,2.4
20:04:00,spices,1.6
20:05:00,checkout,1.2
20:05:00,dairy,2.8
20:05:00,drinks,2.6
20:05:00,fruit,2.6
20:05:00,spices,1.4
20:06:00,checkout,1.4
20:06:00,dairy,3.6
20:06:00,drinks,3.2
20:06:00,fruit,3.2
20:06:00,spices,0.8
20:07:00,checkout,1.6
20:07:00,dairy,2.8
20:07:00,drinks,3.2
20:07:00,fruit,3.2
20:07:00,spices,2.4
20:08:00,checkout,1.6
20:08:00,dairy,3.6
20:08:00,drinks,2.4
20:08:00,fruit,3.2
20:08:00,spices,2.0
20:09:00,checkout,2.0
20:09:00,dairy,3.6
20:09:00,drinks,1.2
20:09:00,fruit,3.4
20:09:00,spices,1.8
20:10:00,checkout,2.4
20:10:00,dairy,2.8
20:10:00,drinks,1.8
20:10:00,fruit,2.4
20:10:00,spices,2.0
20:11:00,checkout,1.8
20:11:00,dairy,2.6
20:11:00,drinks,2.0
20:11:00,fruit,1.8
20:11:00,spices,1.2
20:12:00,checkout,1.2
20:12:00,dairy,3.0
20:12:00,drinks,2.2
20:12:00,fruit,2.0
20:12:00,spices,1.6
20:13:00,checkout,1.8
20:13:00,dairy,3.4
20:13:00,drinks,1.8
20:13:00,fruit,3.2
20:13:00,spices,1.6
20:14:00,checkout,1.0
20:14:00,dairy,3.2
20:14:00,drinks,2.4
20:14:00,fruit,3.4
20:14:00,spices,1.4
20:15:00,checkout,1.2
20:15:00,dairy,2.4
20:15:00,drinks,2.8
20:15:00,fruit,3.6
20:15:00,spices,2.2
20:16:00,checkout,2.2
20:16:00,dairy,2.2
20:16:00,drinks,2.2
20:16:00,fruit,3.2
20:16:00,spices,3.2
20:17:00,checkout,1.6
20:17:00,dairy,2.6
20:17:00,drinks,3.2
20:17:00,fruit,3.0
20:17:00,spices,2.2
20:18:00,checkout,1.6
20:18:00,dairy,2.6
20:18:00,drinks,2.8
20:18:00,fruit,3.2
20:18:00,spices,1.6
20:19:00,checkout,1.6
20:19:00,dairy,3.2
20:19:00,drinks,3.2
20:19:00,fruit,3.0
20:19:00,spices,1.0
20:20:00,checkout,1.4
20:20:00,dairy,4.0
20:20:00,drinks,3.0
20:20:00,fruit,2.8
20:20:00,spices,1.0
20:21:00,checkout,2.2
20:21:00,dairy,3.8
20:21:00,drinks,3.4
20:21:00,fruit,2.4
20:21:00,spices,1.4
20:22:00,checkout,1.6
20:22:00,dairy,3.0
20:22:00,drinks,3.0
20:22:00,fruit,1.8
20:22:00,spices,1.8
20:23:00,checkout,1.4
20:23:00,dairy,2.6
20:23:00,drinks,3.2
20:23:00,fruit,2.0
20:23:00,spices,1.2
20:24:00,checkout,1.2
20:24:00,dairy,2.8
20:24:00,drinks,2.4
20:24:00,fruit,2.0
20:24:00,spices,1.2
20:25:00,checkout,1.8
20:25:00,dairy,2.6
20:25:00,drinks,2.4
20:25:00,fruit,2.6
20:25:00,spices,0.8
20:26:00,checkout,1.2
20:26:00,dairy,3.2
20:26:00,drinks,2.4
20:26:00,fruit,2.6
20:26:00,spices,0.6
20:27:00,checkout,1.6
20:27:00,dairy,2.4
20:27:00,drinks,2.2
20:27:00,fruit,2.4
20:27:00,spices,1.2
20:28:00,checkout,0.8
20:28:00,dairy,3.6
20:28:00,drinks,2.2
20:28:00,fruit,2.2
20:28:00,spices,0.8
20:29:00,checkout,1.6
20:29:00,dairy,3.8
20:29:00,drinks,2.4
20:29:00,fruit,1.4
20:29:00,spices,0.8
20:30:00,checkout,1.2
20:30:00,dairy,3.2
20:30:00,drinks,3.2
20:30:00,fruit,2.2
20:30:00,spices,0.8
20:31:00,checkout,1.2
20:31:00,dairy,3.6
20:31:00,drinks,3.4
20:31:00,fruit,2.2
20:31:00,spices,1.2
20:32:00,checkout,1.2
20:32:00,dairy,3.6
20:32:00,drinks,3.4
20:32:00,fruit,3.4
20:32:00,spices,1.0
20:33:00,checkout,0.8
20:33:00,dairy,5.0
20:33:00,drinks,3.4
20:33:00,fruit,3.2
20:33:00,spices,0.8
20:34:00,checkout,1.8
20:34:00,dairy,4.0
20:34:00,drinks,3.4
20:34:00,fruit,2.2
20:34:00,spices,1.0
20:35:00,checkout,1.6
20:35:00,dairy,3.8
20:35:00,drinks,3.8
20:35:00,fruit,2.0
20:35:00,spices,0.6
20:36:00,checkout,1.0
20:36:00,dairy,3.8
20:36:00,drinks,3.2
20:36:00,fruit,2.2
20:36:00,spices,0.6
20:37:00,checkout,2.0
20:37:00,dairy,4.4
20:37:00,drinks,2.8
20:37:00,fruit,1.6
20:37:00,spices,1.2
20:38:00,checkout,1.4
20:38:00,dairy,3.8
20:38:00,drinks,2.6
20:38:00,fruit,2.2
20:38:00,spices,2.0
20:39:00,checkout,1.8
20:39:00,dairy,4.4
20:39:00,drinks,2.0
20:39:00,fruit,2.4
20:39:00,spices,1.4
20:40:00,checkout,1.2
20:40:00,dairy,4.6
20:40:00,drinks,1.8
20:40:00,fruit,2.0
20:40:00,spices,1.4
20:41:00,checkout,0.8
20:41:00,dairy,4.2
20:41:00,drinks,2.2
20:41:00,fruit,2.8
20:41:00,spices,1.6
20:42:00,checkout,2.6
20:42:00,dairy,4.2
20:42:00,drinks,2.2
20:42:00,fruit,1.4
20:42:00,spices,1.4
20:43:00,checkout,1.6
20:43:00,dairy,3.8
20:43:00,drinks,2.6
20:43:00,fruit,2.0
20:43:00,spices,0.6
20:44:00,checkout,2.0
20:44:00,dairy,3.4
20:44:00,drinks,2.2
20:44:00,fruit,1.6
20:44:00,spices,1.2
20:45:00,checkout,1.6
20:45:00,dairy,4.2
20:45:00,drinks,1.8
20:45:00,fruit,2.6
20:45:00,spices,1.4
20:46:00,checkout,1.8
20:46:00,dairy,4.6
20:46:00,drinks,2.4
20:46:00,fruit,1.4
20:46:00,spices,1.2
20:47:00,checkout,1.0
20:47:00,dairy,4.4
20:47:00,drinks,3.0
20:47:00,fruit,1.6
20:47:00,spices,2.0
20:48:00,checkout,2.0
20:48:00,dairy,3.6
20:48:00,drinks,3.0
20:48:00,fruit,1.6
20:48:00,spices,2.0
20:49:00,checkout,2.2
20:49:00,dairy,3.4
20:49:00,drinks,2.2
20:49:00,fruit,1.8
20:49:00,spices,2.4
20:50:00,checkout,0.8
20:50:00,dairy,3.4
20:50:00,drinks,2.8
20:50:00,fruit,2.0
20:50:00,spices,1.4
20:51:00,checkout,1.8
20:51:00,dairy,4.2
20:51:00,drinks,3.6
20:51:00,fruit,2.6
20:51:00,spices,1.6
20:52:00,checkout,2.0
20:52:00,dairy,3.2
20:52:00,drinks,4.2
20:52:00,fruit,1.4
20:52:00,spices,2.2
20:53:00,checkout,2.2
20:53:00,dairy,3.4
20:53:00,drinks,4.4
20:53:00,fruit,2.6
20:53:00,spices,1.8
20:54:00,checkout,2.0
20:54:00,dairy,3.8
20:54:00,drinks,4.0
20:54:00,fruit,3.0
20:54:00,spices,1.4
20:55:00,checkout,1.4
20:55:00,dairy,4.4
20:55:00,drinks,2.8
20:55:00,fruit,2.4
20:55:00,spices,1.2
20:56:00,checkout,2.4
20:56:00,dairy,2.8
20:56:00,drinks,2.4
20:56:00,fruit,2.6
20:56:00,spices,1.8
20:57:00,checkout,0.8
20:57:00,dairy,3.4
20:57:00,drinks,4.2
20:57:00,fruit,2.6
20:57:00,spices,1.2
20:58:00,checkout,2.8
20:58:00,dairy,2.6
20:58:00,drinks,3.2
20:58:00,fruit,3.4
20:58:00,spices,1.6
20:59:00,checkout,2.0
20:59:00,dairy,3.6
20:59:00,drinks,3.6
20:59:00,fruit,2.2
20:59:00,spices,1.6
21:00:00,checkout,2.4
21:00:00,dairy,3.6
21:00:00,drinks,2.4
21:00:00,fruit,2.2
21:00:00,spices,1.2
21:01:00,checkout,1.8
21:01:00,dairy,3.4
21:01:00,drinks,2.0
21:01:00,fruit,1.6
21:01:00,spices,1.2
21:02:00,checkout,0.8
21:02:00,dairy,4.0
21:02:00,drinks,2.4
21:02:00,fruit,1.8
21:02:00,spices,1.0
21:03:00,checkout,1.2
21:03:00,dairy,4.4
21:03:00,drinks,1.8
21:03:00,fruit,3.0
21:03:00,spices,0.4
21:04:00,checkout,1.0
21:04:00,dairy,3.8
21:04:00,drinks,2.2
21:04:00,fruit,2.2
21:04:00,spices,0.8
21:05:00,checkout,1.2
21:05:00,dairy,4.2
21:05:00,drinks,1.4
21:05:00,fruit,2.8
21:05:00,spices,1.0
21:06:00,checkout,1.2
21:06:00,dairy,4.2
21:06:00,drinks,2.0
21:06:00,fruit,2.8
21:06:00,spices,1.2
21:07:00,checkout,2.0
21:07:00,dairy,3.2
21:07:00,drinks,1.8
21:07:00,fruit,2.8
21:07:00,spices,0.4
21:08:00,checkout,2.2
21:08:00,dairy,2.6
21:08:00,drinks,1.0
21:08:00,fruit,2.6
21:08:00,spices,1.2
21:09:00,checkout,1.4
21:09:00,dairy,2.4
21:09:00,drinks,1.6
21:09:00,fruit,2.2
21:09:00,spices,0.6
21:10:00,checkout,0.8
21:10:00,dairy,2.4
21:10:00,drinks,2.0
21:10:00,fruit,2.0
21:10:00,spices,0.8
21:11:00,checkout,1.2
21:11:00,dairy,2.2
21:11:00,drinks,1.8
21:11:00,fruit,2.0
21:11:00,spices,0.6
21:12:00,checkout,1.2
21:12:00,dairy,2.0
21:12:00,drinks,1.6
21:12:00,fruit,1.8
21:12:00,spices,0.8
21:13:00,checkout,1.0
21:13:00,dairy,1.6
21:13:00,drinks,2.2
21:13:00,fruit,1.0
21:13:00,spices,0.4
21:14:00,checkout,0.8
21:14:00,dairy,1.6
21:14:00,drinks,1.0
21:14:00,fruit,1.8
21:14:00,spices,0.8
21:15:00,checkout,1.0
21:15:00,dairy,2.2
21:15:00,drinks,1.6
21:15:00,fruit,1.8
21:15:00,spices,0.6
21:16:00,checkout,1.6
21:16:00,dairy,2.2
21:16:00,drinks,0.8
21:16:00,fruit,2.4
21:16:00,spices,1.0
21:17:00,checkout,1.8
21:17:00,dairy,2.0
21:17:00,drinks,1.4
21:17:00,fruit,1.6
21:17:00,spices,1.2
21:18:00,checkout,0.6
21:18:00,dairy,2.2
21:18:00,drinks,1.2
21:18:00,fruit,2.2
21:18:00,spices,0.8
21:19:00,checkout,1.4
21:19:00,dairy,1.8
21:19:00,drinks,1.8
21:19:00,fruit,1.6
21:19:00,spices,0.8
21:20:00,checkout,1.2
21:20:00,dairy,2.0
21:20:00,drinks,2.0
21:20:00,fruit,1.8
21:20:00,spices,0.6
21:21:00,checkout,1.2
21:21:00,dairy,2.6
21:21:00,drinks,2.0
21:21:00,fruit,1.2
21:21:00,spices,0.8
21:22:00,checkout,0.6
21:22:00,dairy,3.0
21:22:00,drinks,2.4
21:22:00,fruit,1.4
21:22:00,spices,0.6
21:23:00,checkout,1.0
21:23:00,dairy,2.2
21:23:00,drinks,2.4
21:23:00,fruit,1.4
21:23:00,spices,0.8
21:24:00,checkout,1.6
21:24:00,dairy,1.6
21:24:00,drinks,2.0
21:24:00,fruit,2.2
21:24:00,spices,0.8
21:25:00,checkout,0.6
21:25:00,dairy,1.8
21:25:00,drinks,2.2
21:25:00,fruit,2.4
21:25:00,spices,1.6
21:26:00,checkout,1.4
21:26:00,dairy,1.8
21:26:00,drinks,2.6
21:26:00,fruit,3.0
21:26:00,spices,1.2
21:27:00,checkout,1.8
21:27:00,dairy,2.4
21:27:00,drinks,2.6
21:27:00,fruit,1.4
21:27:00,spices,1.4
21:28:00,checkout,1.0
21:28:00,dairy,2.6
21:28:00,drinks,2.6
21:28:00,fruit,1.6
21:28:00,spices,1.0
21:29:00,checkout,1.4
21:29:00,dairy,2.8
21:29:00,drinks,3.8
21:29:00,fruit,1.4
21:29:00,spices,1.2
21:30:00,checkout,1.8
21:30:00,dairy,2.0
21:30:00,drinks,3.0
21:30:00,fruit,1.6
21:30:00,spices,1.8
21:31:00,checkout,1.2
21:31:00,dairy,1.6
21:31:00,drinks,4.2
21:31:00,fruit,2.0
21:31:00,spices,0.8
21:32:00,checkout,1.6
21:32:00,dairy,1.8
21:32:00,drinks,4.6
21:32:00,fruit,2.0
21:32:00,spices,0.4
21:33:00,checkout,2.2
21:33:00,dairy,1.0
21:33:00,drinks,3.4
21:33:00,fruit,2.0
21:33:00,spices,0.8
21:34:00,checkout,2.0
21:34:00,dairy,1.8
21:34:00,drinks,2.2
21:34:00,fruit,1.2
21:34:00,spices,1.0
21:35:00,checkout,1.6
21:35:00,dairy,1.4
21:35:00,drinks,2.2
21:35:00,fruit,1.4
21:35:00,spices,0.4
21:36:00,checkout,1.2
21:36:00,dairy,1.0
21:36:00,drinks,2.4
21:36:00,fruit,1.2
21:37:00,checkout,0.6
21:37:00,dairy,1.0
21:37:00,drinks,2.0
21:37:00,fruit,1.2
21:37:00,spices,0.6
21:38:00,checkout,0.6
21:38:00,dairy,0.8
21:38:00,drinks,1.8
21:38:00,fruit,1.2
21:38:00,spices,0.8
21:39:00,checkout,0.6
21:39:00,dairy,0.6
21:39:00,drinks,1.2
21:39:00,fruit,1.4
21:39:00,spices,0.8
21:40:00,checkout,0.8
21:40:00,dairy,1.0
21:40:00,drinks,1.8
21:40:00,fruit,1.2
21:40:00,spices,0.8
21:41:00,checkout,0.6
21:41:00,dairy,1.4
21:41:00,drinks,1.4
21:41:00,fruit,1.0
21:41:00,spices,1.0
21:42:00,checkout,0.6
21:42:00,dairy,2.0
21:42:00,drinks,0.8
21:42:00,fruit,1.2
21:42:00,spices,0.8
21:43:00,checkout,0.8
21:43:00,dairy,2.0
21:43:00,drinks,1.2
21:43:00,fruit,1.4
21:43:00,spices,1.2
21:44:00,checkout,0.2
21:44:00,dairy,2.0
21:44:00,drinks,2.0
21:44:00,fruit,1.0
21:44:00,spices,0.8
21:45:00,checkout,1.2
21:45:00,dairy,1.4
21:45:00,drinks,1.6
21:45:00,fruit,1.2
21:45:00,spices,0.8
21:46:00,checkout,1.0
21:46:00,dairy,1.2
21:46:00,drinks,1.6
21:46:00,fruit,2.0
21:46:00,spices,1.0
21:47:00,checkout,1.0
21:47:00,dairy,1.8
21:47:00,drinks,1.4
21:47:00,fruit,2.2
21:47:00,spices,0.4
21:48:00,checkout,1.4
21:48:00,dairy,2.2
21:48:00,drinks,1.0
21:48:00,fruit,2.0
21:48:00,spices,1.0
21:49:00,checkout,1.2
21:49:00,dairy,2.8
21:49:00,drinks,0.2
21:49:00,fruit,1.4
21:49:00,spices,0.8
21:50:00,checkout,0.4
21:50:00,dairy,2.8
21:50:00,drinks,0.4
21:50:00,fruit,1.4
21:50:00,spices,1.0
21:51:00,checkout,5.6
