2022-12-30 07:01:00,Wanda Brown,fruit
2022-12-30 07:02:00,Wanda Brown,dairy
2022-12-30 07:03:00,Wanda Brown,dairy
2022-12-30 07:04:00,Wanda Brown,checkout
2022-12-30 07:07:00,Michaela Rose,fruit
2022-12-30 07:07:00,William Nichols,dairy
2022-12-30 07:08:00,Michaela Rose,fruit
2022-12-30 07:08:00,William Nichols,dairy
2022-12-30 07:09:00,Michaela Rose,drinks
2022-12-30 07:09:00,William Nichols,dairy
2022-12-30 07:10:00,Michaela Rose,checkout
2022-12-30 07:10:00,William Nichols,checkout
2022-12-30 07:13:00,Eileen Eaton,dairy
2022-12-30 07:13:00,Christopher Warren,fruit
2022-12-30 07:14:00,Eileen Eaton,dairy
2022-12-30 07:14:00,Christopher Warren,checkout
2022-12-30 07:15:00,Eileen Eaton,checkout
2022-12-30 07:17:00,Emily Davis,spices
2022-12-30 07:17:00,Alexander Greene,spices
2022-12-30 07:18:00,Emily Davis,fruit
2022-12-30 07:18:00,Alexander Greene,spices
2022-12-30 07:19:00,Emily Davis,fruit
2022-12-30 07:19:00,Alexander Greene,fruit
2022-12-30 07:20:00,Emily Davis,fruit
2022-12-30 07:20:00,Alexander Greene,dairy
2022-12-30 07:21:00,Emily Davis,fruit
2022-12-30 07:21:00,Alexander Greene,dairy
2022-12-30 07:22:00,Emily Davis,fruit
2022-12-30 07:22:00,Alexander Greene,dairy
2022-12-30 07:23:00,Emily Davis,fruit
2022-12-30 07:23:00,Alexander Greene,dairy
2022-12-30 07:24:00,Emily Davis,fruit
2022-12-30 07:24:00,Alexander Greene,dairy
2022-12-30 07:25:00,Emily Davis,spices
2022-12-30 07:25:00,Alexander Greene,dairy
2022-12-30 07:26:00,Emily Davis,drinks
2022-12-30 07:26:00,Alexander Greene,dairy
2022-12-30 07:27:00,Emily Davis,drinks
2022-12-30 07:27:00,Alexander Greene,dairy
2022-12-30 07:28:00,Emily Davis,fruit
2022-12-30 07:28:00,Alexander Greene,dairy
2022-12-30 07:29:00,Emily Davis,fruit
2022-12-30 07:29:00,Alexander Greene,dairy
2022-12-30 07:30:00,Emily Davis,fruit
2022-12-30 07:30:00,Alexander Greene,checkout
2022-12-30 07:31:00,Emily Davis,fruit
2022-12-30 07:32:00,Emily Davis,fruit
2022-12-30 07:33:00,Emily Davis,fruit
2022-12-30 07:33:00,Christina Smith,dairy
2022-12-30 07:33:00,Frank Gomez,drinks
2022-12-30 07:34:00,Emily Davis,checkout
2022-12-30 07:34:00,Christina Smith,dairy
2022-12-30 07:34:00,Frank Gomez,checkout
2022-12-30 07:35:00,Christina Smith,dairy
2022-12-30 07:36:00,Christina Smith,fruit
2022-12-30 07:37:00,Christina Smith,checkout
2022-12-30 07:37:00,Rick Green,dairy
2022-12-30 07:37:00,Cynthia King,dairy
2022-12-30 07:38:00,Rick Green,checkout
2022-12-30 07:38:00,Cynthia King,checkout
2022-12-30 07:41:00,Traci Rivera,dairy
2022-12-30 07:41:00,Jacob Miller,dairy
2022-12-30 07:42:00,Traci Rivera,dairy
2022-12-30 07:42:00,Jacob Miller,checkout
2022-12-30 07:43:00,Traci Rivera,dairy
2022-12-30 07:44:00,Traci Rivera,checkout
2022-12-30 07:45:00,Patricia Rogers,dairy
2022-12-30 07:45:00,Sandra Ramirez,fruit
2022-12-30 07:46:00,Patricia Rogers,fruit
2022-12-30 07:46:00,Sandra Ramirez,dairy
2022-12-30 07:47:00,Patricia Rogers,checkout
2022-12-30 07:47:00,Sandra Ramirez,dairy
2022-12-30 07:48:00,Sandra Ramirez,dairy
2022-12-30 07:49:00,Sandra Ramirez,dairy
2022-12-30 07:50:00,Sandra Ramirez,spices
2022-12-30 07:50:00,Daniel Ross,fruit
2022-12-30 07:50:00,Douglas Andrade,fruit
2022-12-30 07:51:00,Sandra Ramirez,drinks
2022-12-30 07:51:00,Daniel Ross,fruit
2022-12-30 07:51:00,Douglas Andrade,checkout
2022-12-30 07:52:00,Sandra Ramirez,fruit
2022-12-30 07:52:00,Daniel Ross,checkout
2022-12-30 07:53:00,Sandra Ramirez,fruit
2022-12-30 07:54:00,Sandra Ramirez,spices
2022-12-30 07:55:00,Sandra Ramirez,checkout
2022-12-30 07:57:00,Rachel Brown,fruit
2022-12-30 07:57:00,Sandra Yang,dairy
2022-12-30 07:58:00,Rachel Brown,dairy
2022-12-30 07:58:00,Sandra Yang,dairy
2022-12-30 07:59:00,Rachel Brown,dairy
2022-12-30 07:59:00,Sandra Yang,checkout
2022-12-30 08:00:00,Rachel Brown,drinks
2022-12-30 08:01:00,Rachel Brown,drinks
2022-12-30 08:02:00,Rachel Brown,fruit
2022-12-30 08:02:00,Mrs. Shannon Watson,drinks
2022-12-30 08:02:00,Michelle Bautista,drinks
2022-12-30 08:03:00,Rachel Brown,checkout
2022-12-30 08:03:00,Mrs. Shannon Watson,drinks
2022-12-30 08:03:00,Michelle Bautista,fruit
2022-12-30 08:04:00,Mrs. Shannon Watson,drinks
2022-12-30 08:04:00,Michelle Bautista,fruit
2022-12-30 08:05:00,Mrs. Shannon Watson,fruit
2022-12-30 08:05:00,Michelle Bautista,fruit
2022-12-30 08:06:00,Mrs. Shannon Watson,checkout
2022-12-30 08:06:00,Michelle Bautista,fruit
2022-12-30 08:07:00,Michelle Bautista,drinks
2022-12-30 08:08:00,Michelle Bautista,fruit
2022-12-30 08:09:00,Michelle Bautista,fruit
2022-12-30 08:09:00,Melanie Johnson,drinks
2022-12-30 08:09:00,Theresa Foster,spices
2022-12-30 08:09:00,Ashley Lee,drinks
2022-12-30 08:10:00,Michelle Bautista,fruit
2022-12-30 08:10:00,Melanie Johnson,drinks
2022-12-30 08:10:00,Theresa Foster,checkout
2022-12-30 08:10:00,Ashley Lee,fruit
2022-12-30 08:11:00,Michelle Bautista,fruit
2022-12-30 08:11:00,Melanie Johnson,drinks
2022-12-30 08:11:00,Ashley Lee,fruit
2022-12-30 08:12:00,Michelle Bautista,fruit
2022-12-30 08:12:00,Melanie Johnson,drinks
2022-12-30 08:12:00,Ashley Lee,fruit
2022-12-30 08:13:00,Michelle Bautista,fruit
2022-12-30 08:13:00,Melanie Johnson,drinks
2022-12-30 08:13:00,Ashley Lee,fruit
2022-12-30 08:14:00,Michelle Bautista,fruit
2022-12-30 08:14:00,Melanie Johnson,checkout
2022-12-30 08:14:00,Ashley Lee,dairy
2022-12-30 08:15:00,Michelle Bautista,fruit
2022-12-30 08:15:00,Ashley Lee,dairy
2022-12-30 08:16:00,Michelle Bautista,fruit
2022-12-30 08:16:00,Ashley Lee,checkout
2022-12-30 08:17:00,Michelle Bautista,fruit
2022-12-30 08:17:00,Daniel Bender,fruit
2022-12-30 08:17:00,Anna Davis,spices
2022-12-30 08:18:00,Michelle Bautista,fruit
2022-12-30 08:18:00,Daniel Bender,checkout
2022-12-30 08:18:00,Anna Davis,checkout
2022-12-30 08:19:00,Michelle Bautista,fruit
2022-12-30 08:20:00,Michelle Bautista,fruit
2022-12-30 08:21:00,Michelle Bautista,fruit
2022-12-30 08:21:00,David Walker,dairy
2022-12-30 08:21:00,Michelle Jones,dairy
2022-12-30 08:22:00,Michelle Bautista,fruit
2022-12-30 08:22:00,David Walker,dairy
2022-12-30 08:22:00,Michelle Jones,dairy
2022-12-30 08:23:00,Michelle Bautista,checkout
2022-12-30 08:23:00,David Walker,checkout
2022-12-30 08:23:00,Michelle Jones,dairy
2022-12-30 08:23:00,Dr. Lawrence Carter,dairy
2022-12-30 08:23:00,Eric Hughes,dairy
2022-12-30 08:24:00,Michelle Jones,checkout
2022-12-30 08:24:00,Dr. Lawrence Carter,dairy
2022-12-30 08:24:00,Eric Hughes,checkout
2022-12-30 08:25:00,Dr. Lawrence Carter,dairy
2022-12-30 08:26:00,Dr. Lawrence Carter,fruit
2022-12-30 08:27:00,Dr. Lawrence Carter,fruit
2022-12-30 08:27:00,Andrew Harper,dairy
2022-12-30 08:27:00,Andrea Porter,drinks
2022-12-30 08:28:00,Dr. Lawrence Carter,spices
2022-12-30 08:28:00,Andrew Harper,dairy
2022-12-30 08:28:00,Andrea Porter,fruit
2022-12-30 08:29:00,Dr. Lawrence Carter,dairy
2022-12-30 08:29:00,Andrew Harper,dairy
2022-12-30 08:29:00,Andrea Porter,dairy
2022-12-30 08:30:00,Dr. Lawrence Carter,dairy
2022-12-30 08:30:00,Andrew Harper,dairy
2022-12-30 08:30:00,Andrea Porter,dairy
2022-12-30 08:31:00,Dr. Lawrence Carter,dairy
2022-12-30 08:31:00,Andrew Harper,dairy
2022-12-30 08:31:00,Andrea Porter,spices
2022-12-30 08:32:00,Dr. Lawrence Carter,dairy
2022-12-30 08:32:00,Andrew Harper,dairy
2022-12-30 08:32:00,Andrea Porter,spices
2022-12-30 08:33:00,Dr. Lawrence Carter,dairy
2022-12-30 08:33:00,Andrew Harper,dairy
2022-12-30 08:33:00,Andrea Porter,drinks
2022-12-30 08:34:00,Dr. Lawrence Carter,dairy
2022-12-30 08:34:00,Andrew Harper,dairy
2022-12-30 08:34:00,Andrea Porter,drinks
2022-12-30 08:35:00,Dr. Lawrence Carter,dairy
2022-12-30 08:35:00,Andrew Harper,dairy
2022-12-30 08:35:00,Andrea Porter,fruit
2022-12-30 08:36:00,Dr. Lawrence Carter,dairy
2022-12-30 08:36:00,Andrew Harper,dairy
2022-12-30 08:36:00,Andrea Porter,checkout
2022-12-30 08:37:00,Dr. Lawrence Carter,spices
2022-12-30 08:37:00,Andrew Harper,dairy
2022-12-30 08:38:00,Dr. Lawrence Carter,dairy
2022-12-30 08:38:00,Andrew Harper,dairy
2022-12-30 08:39:00,Dr. Lawrence Carter,drinks
2022-12-30 08:39:00,Andrew Harper,dairy
2022-12-30 08:39:00,Walter Osborne,drinks
2022-12-30 08:39:00,Gabrielle Salas,dairy
2022-12-30 08:40:00,Dr. Lawrence Carter,drinks
2022-12-30 08:40:00,Andrew Harper,dairy
2022-12-30 08:40:00,Walter Osborne,drinks
2022-12-30 08:40:00,Gabrielle Salas,dairy
2022-12-30 08:41:00,Dr. Lawrence Carter,checkout
2022-12-30 08:41:00,Andrew Harper,dairy
2022-12-30 08:41:00,Walter Osborne,drinks
2022-12-30 08:41:00,Gabrielle Salas,checkout
2022-12-30 08:42:00,Andrew Harper,dairy
2022-12-30 08:42:00,Walter Osborne,drinks
2022-12-30 08:43:00,Andrew Harper,checkout
2022-12-30 08:43:00,Walter Osborne,checkout
2022-12-30 08:44:00,Olivia Ramos,dairy
2022-12-30 08:44:00,Amber Green,drinks
2022-12-30 08:45:00,Olivia Ramos,dairy
2022-12-30 08:45:00,Amber Green,drinks
2022-12-30 08:46:00,Olivia Ramos,spices
2022-12-30 08:46:00,Amber Green,checkout
2022-12-30 08:47:00,Olivia Ramos,dairy
2022-12-30 08:47:00,Travis Lee,drinks
2022-12-30 08:47:00,Matthew Payne,drinks
2022-12-30 08:48:00,Olivia Ramos,dairy
2022-12-30 08:48:00,Travis Lee,checkout
2022-12-30 08:48:00,Matthew Payne,drinks
2022-12-30 08:49:00,Olivia Ramos,dairy
2022-12-30 08:49:00,Matthew Payne,checkout
2022-12-30 08:50:00,Olivia Ramos,dairy
2022-12-30 08:51:00,Olivia Ramos,dairy
2022-12-30 08:51:00,Stephanie Bryant,drinks
2022-12-30 08:51:00,Gregory Harrington,drinks
2022-12-30 08:52:00,Olivia Ramos,dairy
2022-12-30 08:52:00,Stephanie Bryant,fruit
2022-12-30 08:52:00,Gregory Harrington,checkout
2022-12-30 08:53:00,Olivia Ramos,dairy
2022-12-30 08:53:00,Stephanie Bryant,fruit
2022-12-30 08:54:00,Olivia Ramos,dairy
2022-12-30 08:54:00,Stephanie Bryant,fruit
2022-12-30 08:55:00,Olivia Ramos,dairy
2022-12-30 08:55:00,Stephanie Bryant,fruit
2022-12-30 08:55:00,Maria Donaldson,drinks
2022-12-30 08:55:00,Xavier Mcdonald,fruit
2022-12-30 08:56:00,Olivia Ramos,dairy
2022-12-30 08:56:00,Stephanie Bryant,fruit
2022-12-30 08:56:00,Maria Donaldson,checkout
2022-12-30 08:56:00,Xavier Mcdonald,fruit
2022-12-30 08:57:00,Olivia Ramos,dairy
2022-12-30 08:57:00,Stephanie Bryant,checkout
2022-12-30 08:57:00,Xavier Mcdonald,fruit
2022-12-30 08:58:00,Olivia Ramos,checkout
2022-12-30 08:58:00,Xavier Mcdonald,spices
2022-12-30 08:59:00,Xavier Mcdonald,spices
2022-12-30 09:00:00,Xavier Mcdonald,spices
2022-12-30 09:00:00,Sheryl Potts,dairy
2022-12-30 09:00:00,Shannon Marquez,spices
2022-12-30 09:01:00,Xavier Mcdonald,drinks
2022-12-30 09:01:00,Sheryl Potts,checkout
2022-12-30 09:01:00,Shannon Marquez,spices
2022-12-30 09:02:00,Xavier Mcdonald,spices
2022-12-30 09:02:00,Shannon Marquez,checkout
2022-12-30 09:03:00,Xavier Mcdonald,checkout
2022-12-30 09:05:00,John Johnson,spices
2022-12-30 09:05:00,Stacy Harvey,drinks
2022-12-30 09:06:00,John Johnson,spices
2022-12-30 09:06:00,Stacy Harvey,drinks
2022-12-30 09:06:00,Michael Hood Jr.,dairy
2022-12-30 09:06:00,Thomas Sanchez,fruit
2022-12-30 09:07:00,John Johnson,drinks
2022-12-30 09:07:00,Stacy Harvey,spices
2022-12-30 09:07:00,Michael Hood Jr.,dairy
2022-12-30 09:07:00,Thomas Sanchez,dairy
2022-12-30 09:08:00,John Johnson,drinks
2022-12-30 09:08:00,Stacy Harvey,checkout
2022-12-30 09:08:00,Michael Hood Jr.,dairy
2022-12-30 09:08:00,Thomas Sanchez,checkout
2022-12-30 09:09:00,John Johnson,checkout
2022-12-30 09:09:00,Michael Hood Jr.,dairy
2022-12-30 09:10:00,Michael Hood Jr.,dairy
2022-12-30 09:11:00,Michael Hood Jr.,dairy
2022-12-30 09:11:00,Jill Richmond,fruit
2022-12-30 09:11:00,Kimberly Johnson,spices
2022-12-30 09:12:00,Michael Hood Jr.,dairy
2022-12-30 09:12:00,Jill Richmond,fruit
2022-12-30 09:12:00,Kimberly Johnson,dairy
2022-12-30 09:13:00,Michael Hood Jr.,fruit
2022-12-30 09:13:00,Jill Richmond,checkout
2022-12-30 09:13:00,Kimberly Johnson,dairy
2022-12-30 09:14:00,Michael Hood Jr.,drinks
2022-12-30 09:14:00,Kimberly Johnson,dairy
2022-12-30 09:15:00,Michael Hood Jr.,checkout
2022-12-30 09:15:00,Kimberly Johnson,dairy
2022-12-30 09:16:00,Kimberly Johnson,dairy
2022-12-30 09:17:00,Kimberly Johnson,dairy
2022-12-30 09:18:00,Kimberly Johnson,dairy
2022-12-30 09:18:00,Tonya Patterson,fruit
2022-12-30 09:18:00,Stephen Le DDS,dairy
2022-12-30 09:19:00,Kimberly Johnson,dairy
2022-12-30 09:19:00,Tonya Patterson,checkout
2022-12-30 09:19:00,Stephen Le DDS,dairy
2022-12-30 09:20:00,Kimberly Johnson,dairy
2022-12-30 09:20:00,Stephen Le DDS,dairy
2022-12-30 09:21:00,Kimberly Johnson,dairy
2022-12-30 09:21:00,Stephen Le DDS,dairy
2022-12-30 09:22:00,Kimberly Johnson,dairy
2022-12-30 09:22:00,Stephen Le DDS,dairy
2022-12-30 09:23:00,Kimberly Johnson,dairy
2022-12-30 09:23:00,Stephen Le DDS,dairy
2022-12-30 09:24:00,Kimberly Johnson,dairy
2022-12-30 09:24:00,Stephen Le DDS,dairy
2022-12-30 09:25:00,Kimberly Johnson,drinks
2022-12-30 09:25:00,Stephen Le DDS,dairy
2022-12-30 09:26:00,Kimberly Johnson,drinks
2022-12-30 09:26:00,Stephen Le DDS,dairy
2022-12-30 09:27:00,Kimberly Johnson,drinks
2022-12-30 09:27:00,Stephen Le DDS,dairy
2022-12-30 09:28:00,Kimberly Johnson,drinks
2022-12-30 09:28:00,Stephen Le DDS,dairy
2022-12-30 09:29:00,Kimberly Johnson,drinks
2022-12-30 09:29:00,Stephen Le DDS,dairy
2022-12-30 09:30:00,Kimberly Johnson,checkout
2022-12-30 09:30:00,Stephen Le DDS,dairy
2022-12-30 09:31:00,Stephen Le DDS,dairy
2022-12-30 09:32:00,Stephen Le DDS,dairy
2022-12-30 09:33:00,Stephen Le DDS,dairy
2022-12-30 09:34:00,Stephen Le DDS,dairy
2022-12-30 09:35:00,Stephen Le DDS,dairy
2022-12-30 09:36:00,Stephen Le DDS,dairy
2022-12-30 09:37:00,Stephen Le DDS,spices
2022-12-30 09:38:00,Stephen Le DDS,spices
2022-12-30 09:38:00,Andrea King,dairy
2022-12-30 09:38:00,Christie Smith,drinks
2022-12-30 09:39:00,Stephen Le DDS,dairy
2022-12-30 09:39:00,Andrea King,dairy
2022-12-30 09:39:00,Christie Smith,drinks
2022-12-30 09:40:00,Stephen Le DDS,dairy
2022-12-30 09:40:00,Andrea King,dairy
2022-12-30 09:40:00,Christie Smith,drinks
2022-12-30 09:41:00,Stephen Le DDS,checkout
2022-12-30 09:41:00,Andrea King,dairy
2022-12-30 09:41:00,Christie Smith,checkout
2022-12-30 09:42:00,Andrea King,dairy
2022-12-30 09:43:00,Andrea King,dairy
2022-12-30 09:44:00,Andrea King,dairy
2022-12-30 09:44:00,Amy Nelson MD,dairy
2022-12-30 09:44:00,Lance Ruiz,spices
2022-12-30 09:45:00,Andrea King,dairy
2022-12-30 09:45:00,Amy Nelson MD,dairy
2022-12-30 09:45:00,Lance Ruiz,checkout
2022-12-30 09:46:00,Andrea King,dairy
2022-12-30 09:46:00,Amy Nelson MD,dairy
2022-12-30 09:47:00,Andrea King,spices
2022-12-30 09:47:00,Amy Nelson MD,checkout
2022-12-30 09:48:00,Andrea King,fruit
2022-12-30 09:49:00,Andrea King,fruit
2022-12-30 09:50:00,Andrea King,dairy
2022-12-30 09:51:00,Andrea King,checkout
2022-12-30 09:54:00,Heather Chandler,dairy
2022-12-30 09:54:00,Laura Johnston DDS,drinks
2022-12-30 09:55:00,Heather Chandler,dairy
2022-12-30 09:55:00,Laura Johnston DDS,checkout
2022-12-30 09:56:00,Heather Chandler,checkout
2022-12-30 09:58:00,Kenneth Thomas,drinks
2022-12-30 09:58:00,Karen Ward,drinks
2022-12-30 09:59:00,Kenneth Thomas,drinks
2022-12-30 09:59:00,Karen Ward,fruit
2022-12-30 10:00:00,Kenneth Thomas,drinks
2022-12-30 10:00:00,Karen Ward,spices
2022-12-30 10:01:00,Kenneth Thomas,checkout
2022-12-30 10:01:00,Karen Ward,spices
2022-12-30 10:02:00,Karen Ward,spices
2022-12-30 10:02:00,Deborah Jones,drinks
2022-12-30 10:02:00,Anna Rollins,drinks
2022-12-30 10:03:00,Karen Ward,dairy
2022-12-30 10:03:00,Deborah Jones,checkout
2022-12-30 10:03:00,Anna Rollins,checkout
2022-12-30 10:04:00,Karen Ward,dairy
2022-12-30 10:05:00,Karen Ward,dairy
2022-12-30 10:06:00,Karen Ward,checkout
2022-12-30 10:07:00,Daniel Vasquez,fruit
2022-12-30 10:07:00,Rachel Baker,dairy
2022-12-30 10:08:00,Daniel Vasquez,fruit
2022-12-30 10:08:00,Rachel Baker,dairy
2022-12-30 10:09:00,Daniel Vasquez,checkout
2022-12-30 10:09:00,Rachel Baker,drinks
2022-12-30 10:10:00,Rachel Baker,drinks
2022-12-30 10:11:00,Rachel Baker,drinks
2022-12-30 10:12:00,Rachel Baker,drinks
2022-12-30 10:12:00,David Velazquez,drinks
2022-12-30 10:12:00,Glenn Shelton,drinks
2022-12-30 10:13:00,Rachel Baker,fruit
2022-12-30 10:13:00,David Velazquez,drinks
2022-12-30 10:13:00,Glenn Shelton,spices
2022-12-30 10:14:00,Rachel Baker,spices
2022-12-30 10:14:00,David Velazquez,drinks
2022-12-30 10:14:00,Glenn Shelton,dairy
2022-12-30 10:15:00,Rachel Baker,spices
2022-12-30 10:15:00,David Velazquez,checkout
2022-12-30 10:15:00,Glenn Shelton,dairy
2022-12-30 10:16:00,Rachel Baker,fruit
2022-12-30 10:16:00,Glenn Shelton,dairy
2022-12-30 10:17:00,Rachel Baker,dairy
2022-12-30 10:17:00,Glenn Shelton,checkout
2022-12-30 10:18:00,Rachel Baker,dairy
2022-12-30 10:19:00,Rachel Baker,spices
2022-12-30 10:20:00,Rachel Baker,spices
2022-12-30 10:20:00,Douglas Scott,dairy
2022-12-30 10:20:00,Oscar Sanders,dairy
2022-12-30 10:21:00,Rachel Baker,drinks
2022-12-30 10:21:00,Douglas Scott,dairy
2022-12-30 10:21:00,Oscar Sanders,dairy
2022-12-30 10:22:00,Rachel Baker,drinks
2022-12-30 10:22:00,Douglas Scott,dairy
2022-12-30 10:22:00,Oscar Sanders,checkout
2022-12-30 10:23:00,Rachel Baker,drinks
2022-12-30 10:23:00,Douglas Scott,dairy
2022-12-30 10:24:00,Rachel Baker,drinks
2022-12-30 10:24:00,Douglas Scott,checkout
2022-12-30 10:25:00,Rachel Baker,drinks
2022-12-30 10:26:00,Rachel Baker,drinks
2022-12-30 10:27:00,Rachel Baker,spices
2022-12-30 10:27:00,Michelle Walker,dairy
2022-12-30 10:27:00,Samuel Rodriguez,dairy
2022-12-30 10:28:00,Rachel Baker,spices
2022-12-30 10:28:00,Michelle Walker,checkout
2022-12-30 10:28:00,Samuel Rodriguez,drinks
2022-12-30 10:29:00,Rachel Baker,spices
2022-12-30 10:29:00,Samuel Rodriguez,drinks
2022-12-30 10:30:00,Rachel Baker,dairy
2022-12-30 10:30:00,Samuel Rodriguez,checkout
2022-12-30 10:31:00,Rachel Baker,drinks
2022-12-30 10:32:00,Rachel Baker,checkout
2022-12-30 10:33:00,Craig Jenkins,fruit
2022-12-30 10:33:00,Richard Smith,drinks
2022-12-30 10:34:00,Craig Jenkins,drinks
2022-12-30 10:34:00,Richard Smith,spices
2022-12-30 10:35:00,Craig Jenkins,checkout
2022-12-30 10:35:00,Richard Smith,dairy
2022-12-30 10:36:00,Richard Smith,dairy
2022-12-30 10:37:00,Richard Smith,drinks
2022-12-30 10:38:00,Richard Smith,spices
2022-12-30 10:39:00,Richard Smith,dairy
2022-12-30 10:40:00,Richard Smith,dairy
2022-12-30 10:41:00,Richard Smith,dairy
2022-12-30 10:42:00,Richard Smith,dairy
2022-12-30 10:43:00,Richard Smith,dairy
2022-12-30 10:44:00,Richard Smith,dairy
2022-12-30 10:45:00,Richard Smith,checkout
2022-12-30 10:48:00,Pamela Smith,fruit
2022-12-30 10:48:00,Marissa Bell,dairy
2022-12-30 10:49:00,Pamela Smith,fruit
2022-12-30 10:49:00,Marissa Bell,dairy
2022-12-30 10:50:00,Pamela Smith,fruit
2022-12-30 10:50:00,Marissa Bell,dairy
2022-12-30 10:51:00,Pamela Smith,fruit
2022-12-30 10:51:00,Marissa Bell,fruit
2022-12-30 10:52:00,Pamela Smith,drinks
2022-12-30 10:52:00,Marissa Bell,fruit
2022-12-30 10:53:00,Pamela Smith,checkout
2022-12-30 10:53:00,Marissa Bell,fruit
2022-12-30 10:54:00,Marissa Bell,fruit
2022-12-30 10:55:00,Marissa Bell,fruit
2022-12-30 10:56:00,Marissa Bell,fruit
2022-12-30 10:57:00,Marissa Bell,fruit
2022-12-30 10:58:00,Marissa Bell,spices
2022-12-30 10:59:00,Marissa Bell,fruit
2022-12-30 11:00:00,Marissa Bell,fruit
2022-12-30 11:01:00,Marissa Bell,spices
2022-12-30 11:02:00,Marissa Bell,drinks
2022-12-30 11:03:00,Marissa Bell,drinks
2022-12-30 11:03:00,Matthew Brooks,dairy
2022-12-30 11:03:00,Susan Robinson,fruit
2022-12-30 11:04:00,Marissa Bell,drinks
2022-12-30 11:04:00,Matthew Brooks,drinks
2022-12-30 11:04:00,Susan Robinson,dairy
2022-12-30 11:05:00,Marissa Bell,checkout
2022-12-30 11:05:00,Matthew Brooks,drinks
2022-12-30 11:05:00,Susan Robinson,dairy
2022-12-30 11:06:00,Matthew Brooks,fruit
2022-12-30 11:06:00,Susan Robinson,dairy
2022-12-30 11:07:00,Matthew Brooks,fruit
2022-12-30 11:07:00,Susan Robinson,dairy
2022-12-30 11:08:00,Matthew Brooks,fruit
2022-12-30 11:08:00,Susan Robinson,dairy
2022-12-30 11:09:00,Matthew Brooks,spices
2022-12-30 11:09:00,Susan Robinson,dairy
2022-12-30 11:10:00,Matthew Brooks,fruit
2022-12-30 11:10:00,Susan Robinson,dairy
2022-12-30 11:11:00,Matthew Brooks,spices
2022-12-30 11:11:00,Susan Robinson,dairy
2022-12-30 11:12:00,Matthew Brooks,drinks
2022-12-30 11:12:00,Susan Robinson,dairy
2022-12-30 11:13:00,Matthew Brooks,drinks
2022-12-30 11:13:00,Susan Robinson,dairy
2022-12-30 11:14:00,Matthew Brooks,fruit
2022-12-30 11:14:00,Susan Robinson,dairy
2022-12-30 11:15:00,Matthew Brooks,fruit
2022-12-30 11:15:00,Susan Robinson,dairy
2022-12-30 11:16:00,Matthew Brooks,dairy
2022-12-30 11:16:00,Susan Robinson,dairy
2022-12-30 11:17:00,Matthew Brooks,drinks
2022-12-30 11:17:00,Susan Robinson,dairy
2022-12-30 11:18:00,Matthew Brooks,drinks
2022-12-30 11:18:00,Susan Robinson,dairy
2022-12-30 11:19:00,Matthew Brooks,drinks
2022-12-30 11:19:00,Susan Robinson,dairy
2022-12-30 11:20:00,Matthew Brooks,drinks
2022-12-30 11:20:00,Susan Robinson,spices
2022-12-30 11:21:00,Matthew Brooks,fruit
2022-12-30 11:21:00,Susan Robinson,fruit
2022-12-30 11:22:00,Matthew Brooks,checkout
2022-12-30 11:22:00,Susan Robinson,fruit
2022-12-30 11:23:00,Susan Robinson,fruit
2022-12-30 11:24:00,Susan Robinson,fruit
2022-12-30 11:25:00,Susan Robinson,fruit
2022-12-30 11:26:00,Susan Robinson,drinks
2022-12-30 11:27:00,Susan Robinson,drinks
2022-12-30 11:28:00,Susan Robinson,checkout
2022-12-30 11:31:00,Michelle Bowen,drinks
2022-12-30 11:31:00,Amanda Moran,dairy
2022-12-30 11:32:00,Michelle Bowen,drinks
2022-12-30 11:32:00,Amanda Moran,dairy
2022-12-30 11:33:00,Michelle Bowen,drinks
2022-12-30 11:33:00,Amanda Moran,dairy
2022-12-30 11:34:00,Michelle Bowen,fruit
2022-12-30 11:34:00,Amanda Moran,dairy
2022-12-30 11:35:00,Michelle Bowen,fruit
2022-12-30 11:35:00,Amanda Moran,checkout
2022-12-30 11:36:00,Michelle Bowen,fruit
2022-12-30 11:37:00,Michelle Bowen,fruit
2022-12-30 11:38:00,Michelle Bowen,checkout
2022-12-30 11:41:00,Ashley Daugherty,dairy
2022-12-30 11:41:00,Kimberly Doyle,spices
2022-12-30 11:42:00,Ashley Daugherty,checkout
2022-12-30 11:42:00,Kimberly Doyle,dairy
2022-12-30 11:43:00,Kimberly Doyle,dairy
2022-12-30 11:44:00,Kimberly Doyle,spices
2022-12-30 11:45:00,Kimberly Doyle,spices
2022-12-30 11:46:00,Kimberly Doyle,dairy
2022-12-30 11:47:00,Kimberly Doyle,dairy
2022-12-30 11:47:00,Ashley Neal,spices
2022-12-30 11:47:00,Alexander Cox,dairy
2022-12-30 11:48:00,Kimberly Doyle,dairy
2022-12-30 11:48:00,Ashley Neal,spices
2022-12-30 11:48:00,Alexander Cox,dairy
2022-12-30 11:49:00,Kimberly Doyle,dairy
2022-12-30 11:49:00,Ashley Neal,dairy
2022-12-30 11:49:00,Alexander Cox,dairy
2022-12-30 11:50:00,Kimberly Doyle,dairy
2022-12-30 11:50:00,Ashley Neal,checkout
2022-12-30 11:50:00,Alexander Cox,dairy
2022-12-30 11:51:00,Kimberly Doyle,dairy
2022-12-30 11:51:00,Alexander Cox,dairy
2022-12-30 11:52:00,Kimberly Doyle,dairy
2022-12-30 11:52:00,Alexander Cox,fruit
2022-12-30 11:53:00,Kimberly Doyle,dairy
2022-12-30 11:53:00,Alexander Cox,fruit
2022-12-30 11:54:00,Kimberly Doyle,drinks
2022-12-30 11:54:00,Alexander Cox,fruit
2022-12-30 11:55:00,Kimberly Doyle,drinks
2022-12-30 11:55:00,Alexander Cox,dairy
2022-12-30 11:56:00,Kimberly Doyle,drinks
2022-12-30 11:56:00,Alexander Cox,dairy
2022-12-30 11:57:00,Kimberly Doyle,spices
2022-12-30 11:57:00,Alexander Cox,drinks
2022-12-30 11:58:00,Kimberly Doyle,checkout
2022-12-30 11:58:00,Alexander Cox,drinks
2022-12-30 11:59:00,Alexander Cox,drinks
2022-12-30 12:00:00,Alexander Cox,drinks
2022-12-30 12:01:00,Alexander Cox,drinks
2022-12-30 12:02:00,Alexander Cox,drinks
2022-12-30 12:03:00,Alexander Cox,drinks
2022-12-30 12:04:00,Alexander Cox,drinks
2022-12-30 12:05:00,Alexander Cox,checkout
2022-12-30 12:05:00,Deborah Martinez,fruit
2022-12-30 12:05:00,Sabrina Barrett,dairy
2022-12-30 12:06:00,Deborah Martinez,fruit
2022-12-30 12:06:00,Sabrina Barrett,drinks
2022-12-30 12:07:00,Deborah Martinez,spices
2022-12-30 12:07:00,Sabrina Barrett,spices
2022-12-30 12:08:00,Deborah Martinez,spices
2022-12-30 12:08:00,Sabrina Barrett,fruit
2022-12-30 12:09:00,Deborah Martinez,spices
2022-12-30 12:09:00,Sabrina Barrett,dairy
2022-12-30 12:10:00,Deborah Martinez,checkout
2022-12-30 12:10:00,Sabrina Barrett,checkout
2022-12-30 12:14:00,Joseph Keller,dairy
2022-12-30 12:14:00,Brian Bell,dairy
2022-12-30 12:14:00,Stacie Mclean,dairy
2022-12-30 12:15:00,Joseph Keller,dairy
2022-12-30 12:15:00,Brian Bell,dairy
2022-12-30 12:15:00,Stacie Mclean,dairy
2022-12-30 12:16:00,Joseph Keller,dairy
2022-12-30 12:16:00,Brian Bell,dairy
2022-12-30 12:16:00,Stacie Mclean,dairy
2022-12-30 12:17:00,Joseph Keller,dairy
2022-12-30 12:17:00,Brian Bell,dairy
2022-12-30 12:17:00,Stacie Mclean,dairy
2022-12-30 12:18:00,Joseph Keller,spices
2022-12-30 12:18:00,Brian Bell,dairy
2022-12-30 12:18:00,Stacie Mclean,dairy
2022-12-30 12:19:00,Joseph Keller,spices
2022-12-30 12:19:00,Brian Bell,dairy
2022-12-30 12:19:00,Stacie Mclean,dairy
2022-12-30 12:20:00,Joseph Keller,spices
2022-12-30 12:20:00,Brian Bell,spices
2022-12-30 12:20:00,Stacie Mclean,dairy
2022-12-30 12:21:00,Joseph Keller,spices
2022-12-30 12:21:00,Brian Bell,dairy
2022-12-30 12:21:00,Stacie Mclean,dairy
2022-12-30 12:22:00,Joseph Keller,dairy
2022-12-30 12:22:00,Brian Bell,dairy
2022-12-30 12:22:00,Stacie Mclean,dairy
2022-12-30 12:23:00,Joseph Keller,checkout
2022-12-30 12:23:00,Brian Bell,dairy
2022-12-30 12:23:00,Stacie Mclean,spices
2022-12-30 12:24:00,Brian Bell,checkout
2022-12-30 12:24:00,Stacie Mclean,spices
2022-12-30 12:25:00,Stacie Mclean,dairy
2022-12-30 12:26:00,Stacie Mclean,dairy
2022-12-30 12:27:00,Stacie Mclean,dairy
2022-12-30 12:28:00,Stacie Mclean,dairy
2022-12-30 12:29:00,Stacie Mclean,dairy
2022-12-30 12:30:00,Stacie Mclean,dairy
2022-12-30 12:31:00,Stacie Mclean,dairy
2022-12-30 12:32:00,Stacie Mclean,spices
2022-12-30 12:33:00,Stacie Mclean,checkout
2022-12-30 12:36:00,Mindy Patterson,spices
2022-12-30 12:36:00,Ashley Frost,fruit
2022-12-30 12:37:00,Mindy Patterson,checkout
2022-12-30 12:37:00,Ashley Frost,fruit
2022-12-30 12:38:00,Ashley Frost,fruit
2022-12-30 12:39:00,Ashley Frost,fruit
2022-12-30 12:40:00,Ashley Frost,fruit
2022-12-30 12:41:00,Ashley Frost,fruit
2022-12-30 12:41:00,Eric Oneill,drinks
2022-12-30 12:41:00,Beverly Jenkins,dairy
2022-12-30 12:42:00,Ashley Frost,fruit
2022-12-30 12:42:00,Eric Oneill,drinks
2022-12-30 12:42:00,Beverly Jenkins,dairy
2022-12-30 12:43:00,Ashley Frost,fruit
2022-12-30 12:43:00,Eric Oneill,drinks
2022-12-30 12:43:00,Beverly Jenkins,dairy
2022-12-30 12:44:00,Ashley Frost,drinks
2022-12-30 12:44:00,Eric Oneill,drinks
2022-12-30 12:44:00,Beverly Jenkins,spices
2022-12-30 12:45:00,Ashley Frost,drinks
2022-12-30 12:45:00,Eric Oneill,drinks
2022-12-30 12:45:00,Beverly Jenkins,spices
2022-12-30 12:46:00,Ashley Frost,checkout
2022-12-30 12:46:00,Eric Oneill,drinks
2022-12-30 12:46:00,Beverly Jenkins,dairy
2022-12-30 12:47:00,Eric Oneill,drinks
2022-12-30 12:47:00,Beverly Jenkins,drinks
2022-12-30 12:48:00,Eric Oneill,spices
2022-12-30 12:48:00,Beverly Jenkins,drinks
2022-12-30 12:49:00,Eric Oneill,dairy
2022-12-30 12:49:00,Beverly Jenkins,fruit
2022-12-30 12:50:00,Eric Oneill,dairy
2022-12-30 12:50:00,Beverly Jenkins,fruit
2022-12-30 12:51:00,Eric Oneill,fruit
2022-12-30 12:51:00,Beverly Jenkins,fruit
2022-12-30 12:52:00,Eric Oneill,drinks
2022-12-30 12:52:00,Beverly Jenkins,fruit
2022-12-30 12:53:00,Eric Oneill,spices
2022-12-30 12:53:00,Beverly Jenkins,fruit
2022-12-30 12:54:00,Eric Oneill,checkout
2022-12-30 12:54:00,Beverly Jenkins,fruit
2022-12-30 12:55:00,Beverly Jenkins,checkout
2022-12-30 12:57:00,Lisa Parker,fruit
2022-12-30 12:57:00,Dustin Bryant,fruit
2022-12-30 12:58:00,Lisa Parker,fruit
2022-12-30 12:58:00,Dustin Bryant,checkout
2022-12-30 12:59:00,Lisa Parker,checkout
2022-12-30 13:01:00,Crystal Salazar,dairy
2022-12-30 13:01:00,Tyler Mercer,fruit
2022-12-30 13:02:00,Crystal Salazar,dairy
2022-12-30 13:02:00,Tyler Mercer,fruit
2022-12-30 13:03:00,Crystal Salazar,dairy
2022-12-30 13:03:00,Tyler Mercer,checkout
2022-12-30 13:04:00,Crystal Salazar,dairy
2022-12-30 13:05:00,Crystal Salazar,dairy
2022-12-30 13:06:00,Crystal Salazar,dairy
2022-12-30 13:07:00,Crystal Salazar,spices
2022-12-30 13:07:00,Stephanie Sandoval,drinks
2022-12-30 13:07:00,Gary Cherry,dairy
2022-12-30 13:08:00,Crystal Salazar,fruit
2022-12-30 13:08:00,Stephanie Sandoval,drinks
2022-12-30 13:08:00,Gary Cherry,dairy
2022-12-30 13:09:00,Crystal Salazar,dairy
2022-12-30 13:09:00,Stephanie Sandoval,drinks
2022-12-30 13:09:00,Gary Cherry,dairy
2022-12-30 13:10:00,Crystal Salazar,dairy
2022-12-30 13:10:00,Stephanie Sandoval,checkout
2022-12-30 13:10:00,Gary Cherry,dairy
2022-12-30 13:11:00,Crystal Salazar,dairy
2022-12-30 13:11:00,Gary Cherry,dairy
2022-12-30 13:12:00,Crystal Salazar,dairy
2022-12-30 13:12:00,Gary Cherry,dairy
2022-12-30 13:13:00,Crystal Salazar,dairy
2022-12-30 13:13:00,Gary Cherry,dairy
2022-12-30 13:14:00,Crystal Salazar,dairy
2022-12-30 13:14:00,Gary Cherry,dairy
2022-12-30 13:15:00,Crystal Salazar,dairy
2022-12-30 13:15:00,Gary Cherry,dairy
2022-12-30 13:16:00,Crystal Salazar,dairy
2022-12-30 13:16:00,Gary Cherry,dairy
2022-12-30 13:17:00,Crystal Salazar,fruit
2022-12-30 13:17:00,Gary Cherry,dairy
2022-12-30 13:17:00,Matthew Lawson,fruit
2022-12-30 13:17:00,Amanda Estrada,drinks
2022-12-30 13:18:00,Crystal Salazar,fruit
2022-12-30 13:18:00,Gary Cherry,dairy
2022-12-30 13:18:00,Matthew Lawson,fruit
2022-12-30 13:18:00,Amanda Estrada,drinks
2022-12-30 13:19:00,Crystal Salazar,fruit
2022-12-30 13:19:00,Gary Cherry,dairy
2022-12-30 13:19:00,Matthew Lawson,fruit
2022-12-30 13:19:00,Amanda Estrada,spices
2022-12-30 13:20:00,Crystal Salazar,fruit
2022-12-30 13:20:00,Gary Cherry,dairy
2022-12-30 13:20:00,Matthew Lawson,checkout
2022-12-30 13:20:00,Amanda Estrada,spices
2022-12-30 13:21:00,Crystal Salazar,fruit
2022-12-30 13:21:00,Gary Cherry,checkout
2022-12-30 13:21:00,Amanda Estrada,checkout
2022-12-30 13:22:00,Crystal Salazar,fruit
2022-12-30 13:23:00,Crystal Salazar,checkout
2022-12-30 13:24:00,Jared Bonilla,dairy
2022-12-30 13:24:00,Michele Rodriguez,drinks
2022-12-30 13:25:00,Jared Bonilla,dairy
2022-12-30 13:25:00,Michele Rodriguez,drinks
2022-12-30 13:26:00,Jared Bonilla,dairy
2022-12-30 13:26:00,Michele Rodriguez,drinks
2022-12-30 13:27:00,Jared Bonilla,dairy
2022-12-30 13:27:00,Michele Rodriguez,spices
2022-12-30 13:27:00,Holly Mcdaniel,drinks
2022-12-30 13:27:00,Janet Lowery,dairy
2022-12-30 13:28:00,Jared Bonilla,dairy
2022-12-30 13:28:00,Michele Rodriguez,fruit
2022-12-30 13:28:00,Holly Mcdaniel,drinks
2022-12-30 13:28:00,Janet Lowery,dairy
2022-12-30 13:29:00,Jared Bonilla,dairy
2022-12-30 13:29:00,Michele Rodriguez,fruit
2022-12-30 13:29:00,Holly Mcdaniel,drinks
2022-12-30 13:29:00,Janet Lowery,dairy
2022-12-30 13:30:00,Jared Bonilla,dairy
2022-12-30 13:30:00,Michele Rodriguez,fruit
2022-12-30 13:30:00,Holly Mcdaniel,checkout
2022-12-30 13:30:00,Janet Lowery,dairy
2022-12-30 13:31:00,Jared Bonilla,spices
2022-12-30 13:31:00,Michele Rodriguez,dairy
2022-12-30 13:31:00,Janet Lowery,dairy
2022-12-30 13:32:00,Jared Bonilla,drinks
2022-12-30 13:32:00,Michele Rodriguez,drinks
2022-12-30 13:32:00,Janet Lowery,dairy
2022-12-30 13:33:00,Jared Bonilla,checkout
2022-12-30 13:33:00,Michele Rodriguez,drinks
2022-12-30 13:33:00,Janet Lowery,checkout
2022-12-30 13:34:00,Michele Rodriguez,spices
2022-12-30 13:35:00,Michele Rodriguez,drinks
2022-12-30 13:36:00,Michele Rodriguez,drinks
2022-12-30 13:36:00,Samantha Clark,drinks
2022-12-30 13:36:00,Melissa Rivers,spices
2022-12-30 13:37:00,Michele Rodriguez,spices
2022-12-30 13:37:00,Samantha Clark,checkout
2022-12-30 13:37:00,Melissa Rivers,dairy
2022-12-30 13:38:00,Michele Rodriguez,fruit
2022-12-30 13:38:00,Melissa Rivers,drinks
2022-12-30 13:39:00,Michele Rodriguez,fruit
2022-12-30 13:39:00,Melissa Rivers,checkout
2022-12-30 13:40:00,Michele Rodriguez,fruit
2022-12-30 13:41:00,Michele Rodriguez,fruit
2022-12-30 13:42:00,Michele Rodriguez,fruit
2022-12-30 13:42:00,Luke Perez,fruit
2022-12-30 13:42:00,Hunter Glenn,fruit
2022-12-30 13:43:00,Michele Rodriguez,fruit
2022-12-30 13:43:00,Luke Perez,checkout
2022-12-30 13:43:00,Hunter Glenn,drinks
2022-12-30 13:44:00,Michele Rodriguez,fruit
2022-12-30 13:44:00,Hunter Glenn,drinks
2022-12-30 13:45:00,Michele Rodriguez,spices
2022-12-30 13:45:00,Hunter Glenn,drinks
2022-12-30 13:46:00,Michele Rodriguez,spices
2022-12-30 13:46:00,Hunter Glenn,checkout
2022-12-30 13:47:00,Michele Rodriguez,spices
2022-12-30 13:48:00,Michele Rodriguez,dairy
2022-12-30 13:49:00,Michele Rodriguez,dairy
2022-12-30 13:49:00,Jeremy Fernandez,dairy
2022-12-30 13:49:00,Jerry Caldwell,spices
2022-12-30 13:50:00,Michele Rodriguez,dairy
2022-12-30 13:50:00,Jeremy Fernandez,dairy
2022-12-30 13:50:00,Jerry Caldwell,spices
2022-12-30 13:51:00,Michele Rodriguez,dairy
2022-12-30 13:51:00,Jeremy Fernandez,dairy
2022-12-30 13:51:00,Jerry Caldwell,dairy
2022-12-30 13:52:00,Michele Rodriguez,checkout
2022-12-30 13:52:00,Jeremy Fernandez,dairy
2022-12-30 13:52:00,Jerry Caldwell,dairy
2022-12-30 13:53:00,Jeremy Fernandez,dairy
2022-12-30 13:53:00,Jerry Caldwell,dairy
2022-12-30 13:54:00,Jeremy Fernandez,dairy
2022-12-30 13:54:00,Jerry Caldwell,checkout
2022-12-30 13:55:00,Jeremy Fernandez,drinks
2022-12-30 13:56:00,Jeremy Fernandez,spices
2022-12-30 13:57:00,Jeremy Fernandez,dairy
2022-12-30 13:57:00,Amber Garcia,dairy
2022-12-30 13:57:00,Timothy Parker,fruit
2022-12-30 13:58:00,Jeremy Fernandez,dairy
2022-12-30 13:58:00,Amber Garcia,dairy
2022-12-30 13:58:00,Timothy Parker,checkout
2022-12-30 13:59:00,Jeremy Fernandez,dairy
2022-12-30 13:59:00,Amber Garcia,dairy
2022-12-30 14:00:00,Jeremy Fernandez,dairy
2022-12-30 14:00:00,Amber Garcia,dairy
2022-12-30 14:01:00,Jeremy Fernandez,dairy
2022-12-30 14:01:00,Amber Garcia,drinks
2022-12-30 14:02:00,Jeremy Fernandez,dairy
2022-12-30 14:02:00,Amber Garcia,spices
2022-12-30 14:03:00,Jeremy Fernandez,dairy
2022-12-30 14:03:00,Amber Garcia,drinks
2022-12-30 14:04:00,Jeremy Fernandez,drinks
2022-12-30 14:04:00,Amber Garcia,fruit
2022-12-30 14:05:00,Jeremy Fernandez,spices
2022-12-30 14:05:00,Amber Garcia,fruit
2022-12-30 14:06:00,Jeremy Fernandez,spices
2022-12-30 14:06:00,Amber Garcia,checkout
2022-12-30 14:07:00,Jeremy Fernandez,checkout
2022-12-30 14:09:00,Dana Osborne,drinks
2022-12-30 14:09:00,Selena Hammond,spices
2022-12-30 14:10:00,Dana Osborne,checkout
2022-12-30 14:10:00,Selena Hammond,drinks
2022-12-30 14:11:00,Selena Hammond,drinks
2022-12-30 14:12:00,Selena Hammond,drinks
2022-12-30 14:13:00,Selena Hammond,checkout
2022-12-30 14:13:00,Lauren Hughes,drinks
2022-12-30 14:13:00,Jeanne Leach,fruit
2022-12-30 14:14:00,Lauren Hughes,checkout
2022-12-30 14:14:00,Jeanne Leach,checkout
2022-12-30 14:17:00,Brian Murray,drinks
2022-12-30 14:17:00,Patrick Taylor,dairy
2022-12-30 14:18:00,Brian Murray,drinks
2022-12-30 14:18:00,Patrick Taylor,spices
2022-12-30 14:19:00,Brian Murray,dairy
2022-12-30 14:19:00,Patrick Taylor,spices
2022-12-30 14:20:00,Brian Murray,dairy
2022-12-30 14:20:00,Patrick Taylor,drinks
2022-12-30 14:21:00,Brian Murray,checkout
2022-12-30 14:21:00,Patrick Taylor,drinks
2022-12-30 14:22:00,Patrick Taylor,drinks
2022-12-30 14:23:00,Patrick Taylor,drinks
2022-12-30 14:24:00,Patrick Taylor,drinks
2022-12-30 14:24:00,Thomas Peters,drinks
2022-12-30 14:24:00,Christine Suarez,drinks
2022-12-30 14:25:00,Patrick Taylor,drinks
2022-12-30 14:25:00,Thomas Peters,drinks
2022-12-30 14:25:00,Christine Suarez,drinks
2022-12-30 14:26:00,Patrick Taylor,drinks
2022-12-30 14:26:00,Thomas Peters,checkout
2022-12-30 14:26:00,Christine Suarez,drinks
2022-12-30 14:27:00,Patrick Taylor,spices
2022-12-30 14:27:00,Christine Suarez,spices
2022-12-30 14:28:00,Patrick Taylor,checkout
2022-12-30 14:28:00,Christine Suarez,spices
2022-12-30 14:29:00,Christine Suarez,drinks
2022-12-30 14:30:00,Christine Suarez,checkout
2022-12-30 14:31:00,Patricia Torres,fruit
2022-12-30 14:31:00,William Mckinney,fruit
2022-12-30 14:32:00,Patricia Torres,spices
2022-12-30 14:32:00,William Mckinney,fruit
2022-12-30 14:33:00,Patricia Torres,dairy
2022-12-30 14:33:00,William Mckinney,fruit
2022-12-30 14:34:00,Patricia Torres,dairy
2022-12-30 14:34:00,William Mckinney,fruit
2022-12-30 14:35:00,Patricia Torres,dairy
2022-12-30 14:35:00,William Mckinney,fruit
2022-12-30 14:36:00,Patricia Torres,checkout
2022-12-30 14:36:00,William Mckinney,fruit
2022-12-30 14:37:00,William Mckinney,spices
2022-12-30 14:38:00,William Mckinney,drinks
2022-12-30 14:39:00,William Mckinney,checkout
2022-12-30 14:39:00,Susan Miller,fruit
2022-12-30 14:39:00,John Lopez,dairy
2022-12-30 14:40:00,Susan Miller,fruit
2022-12-30 14:40:00,John Lopez,dairy
2022-12-30 14:41:00,Susan Miller,spices
2022-12-30 14:41:00,John Lopez,dairy
2022-12-30 14:42:00,Susan Miller,spices
2022-12-30 14:42:00,John Lopez,dairy
2022-12-30 14:43:00,Susan Miller,fruit
2022-12-30 14:43:00,John Lopez,dairy
2022-12-30 14:44:00,Susan Miller,checkout
2022-12-30 14:44:00,John Lopez,dairy
2022-12-30 14:44:00,Christine Robertson,fruit
2022-12-30 14:44:00,Brian Morales,spices
2022-12-30 14:45:00,John Lopez,dairy
2022-12-30 14:45:00,Christine Robertson,fruit
2022-12-30 14:45:00,Brian Morales,spices
2022-12-30 14:46:00,John Lopez,dairy
2022-12-30 14:46:00,Christine Robertson,fruit
2022-12-30 14:46:00,Brian Morales,drinks
2022-12-30 14:47:00,John Lopez,spices
2022-12-30 14:47:00,Christine Robertson,fruit
2022-12-30 14:47:00,Brian Morales,spices
2022-12-30 14:48:00,John Lopez,spices
2022-12-30 14:48:00,Christine Robertson,fruit
2022-12-30 14:48:00,Brian Morales,checkout
2022-12-30 14:49:00,John Lopez,drinks
2022-12-30 14:49:00,Christine Robertson,fruit
2022-12-30 14:50:00,John Lopez,spices
2022-12-30 14:50:00,Christine Robertson,fruit
2022-12-30 14:51:00,John Lopez,spices
2022-12-30 14:51:00,Christine Robertson,fruit
2022-12-30 14:52:00,John Lopez,spices
2022-12-30 14:52:00,Christine Robertson,checkout
2022-12-30 14:53:00,John Lopez,fruit
2022-12-30 14:54:00,John Lopez,fruit
2022-12-30 14:55:00,John Lopez,dairy
2022-12-30 14:55:00,Hannah Reynolds,drinks
2022-12-30 14:55:00,Adriana Miller,fruit
2022-12-30 14:56:00,John Lopez,dairy
2022-12-30 14:56:00,Hannah Reynolds,fruit
2022-12-30 14:56:00,Adriana Miller,fruit
2022-12-30 14:57:00,John Lopez,dairy
2022-12-30 14:57:00,Hannah Reynolds,fruit
2022-12-30 14:57:00,Adriana Miller,dairy
2022-12-30 14:58:00,John Lopez,dairy
2022-12-30 14:58:00,Hannah Reynolds,checkout
2022-12-30 14:58:00,Adriana Miller,dairy
2022-12-30 14:59:00,John Lopez,dairy
2022-12-30 14:59:00,Adriana Miller,dairy
2022-12-30 15:00:00,John Lopez,dairy
2022-12-30 15:00:00,Adriana Miller,dairy
2022-12-30 15:01:00,John Lopez,checkout
2022-12-30 15:01:00,Adriana Miller,dairy
2022-12-30 15:02:00,Adriana Miller,dairy
2022-12-30 15:03:00,Adriana Miller,dairy
2022-12-30 15:04:00,Adriana Miller,fruit
2022-12-30 15:04:00,Angie Douglas,fruit
2022-12-30 15:04:00,Karen Harris,dairy
2022-12-30 15:05:00,Adriana Miller,fruit
2022-12-30 15:05:00,Angie Douglas,fruit
2022-12-30 15:05:00,Karen Harris,dairy
2022-12-30 15:06:00,Adriana Miller,checkout
2022-12-30 15:06:00,Angie Douglas,drinks
2022-12-30 15:06:00,Karen Harris,spices
2022-12-30 15:07:00,Angie Douglas,checkout
2022-12-30 15:07:00,Karen Harris,dairy
2022-12-30 15:08:00,Karen Harris,dairy
2022-12-30 15:09:00,Karen Harris,dairy
2022-12-30 15:10:00,Karen Harris,dairy
2022-12-30 15:10:00,Kimberly Vargas,dairy
2022-12-30 15:10:00,Cory Hudson,dairy
2022-12-30 15:11:00,Karen Harris,dairy
2022-12-30 15:11:00,Kimberly Vargas,dairy
2022-12-30 15:11:00,Cory Hudson,dairy
2022-12-30 15:12:00,Karen Harris,dairy
2022-12-30 15:12:00,Kimberly Vargas,dairy
2022-12-30 15:12:00,Cory Hudson,dairy
2022-12-30 15:13:00,Karen Harris,checkout
2022-12-30 15:13:00,Kimberly Vargas,dairy
2022-12-30 15:13:00,Cory Hudson,dairy
2022-12-30 15:14:00,Kimberly Vargas,checkout
2022-12-30 15:14:00,Cory Hudson,drinks
2022-12-30 15:15:00,Cory Hudson,drinks
2022-12-30 15:16:00,Cory Hudson,drinks
2022-12-30 15:17:00,Cory Hudson,drinks
2022-12-30 15:17:00,Tabitha Wolf,fruit
2022-12-30 15:17:00,Jennifer Miller,dairy
2022-12-30 15:18:00,Cory Hudson,checkout
2022-12-30 15:18:00,Tabitha Wolf,fruit
2022-12-30 15:18:00,Jennifer Miller,drinks
2022-12-30 15:19:00,Tabitha Wolf,drinks
2022-12-30 15:19:00,Jennifer Miller,drinks
2022-12-30 15:20:00,Tabitha Wolf,drinks
2022-12-30 15:20:00,Jennifer Miller,drinks
2022-12-30 15:21:00,Tabitha Wolf,drinks
2022-12-30 15:21:00,Jennifer Miller,drinks
2022-12-30 15:22:00,Tabitha Wolf,drinks
2022-12-30 15:22:00,Jennifer Miller,checkout
2022-12-30 15:23:00,Tabitha Wolf,drinks
2022-12-30 15:24:00,Tabitha Wolf,drinks
2022-12-30 15:25:00,Tabitha Wolf,checkout
2022-12-30 15:25:00,Anthony Johnston,fruit
2022-12-30 15:25:00,Daniel Smith,dairy
2022-12-30 15:26:00,Anthony Johnston,fruit
2022-12-30 15:26:00,Daniel Smith,dairy
2022-12-30 15:27:00,Anthony Johnston,fruit
2022-12-30 15:27:00,Daniel Smith,dairy
2022-12-30 15:28:00,Anthony Johnston,fruit
2022-12-30 15:28:00,Daniel Smith,dairy
2022-12-30 15:29:00,Anthony Johnston,fruit
2022-12-30 15:29:00,Daniel Smith,dairy
2022-12-30 15:30:00,Anthony Johnston,checkout
2022-12-30 15:30:00,Daniel Smith,dairy
2022-12-30 15:31:00,Daniel Smith,dairy
2022-12-30 15:32:00,Daniel Smith,dairy
2022-12-30 15:33:00,Daniel Smith,dairy
2022-12-30 15:34:00,Daniel Smith,spices
2022-12-30 15:35:00,Daniel Smith,spices
2022-12-30 15:36:00,Daniel Smith,drinks
2022-12-30 15:37:00,Daniel Smith,spices
2022-12-30 15:38:00,Daniel Smith,drinks
2022-12-30 15:39:00,Daniel Smith,checkout
2022-12-30 15:42:00,John Gutierrez,fruit
2022-12-30 15:42:00,Martha Brennan,dairy
2022-12-30 15:42:00,Katherine Smith,dairy
2022-12-30 15:43:00,John Gutierrez,fruit
2022-12-30 15:43:00,Martha Brennan,spices
2022-12-30 15:43:00,Katherine Smith,dairy
2022-12-30 15:44:00,John Gutierrez,fruit
2022-12-30 15:44:00,Martha Brennan,dairy
2022-12-30 15:44:00,Katherine Smith,checkout
2022-12-30 15:45:00,John Gutierrez,checkout
2022-12-30 15:45:00,Martha Brennan,dairy
2022-12-30 15:46:00,Martha Brennan,dairy
2022-12-30 15:47:00,Martha Brennan,dairy
2022-12-30 15:48:00,Martha Brennan,dairy
2022-12-30 15:48:00,Rhonda Matthews,dairy
2022-12-30 15:48:00,Sandra Dawson,drinks
2022-12-30 15:49:00,Martha Brennan,dairy
2022-12-30 15:49:00,Rhonda Matthews,checkout
2022-12-30 15:49:00,Sandra Dawson,fruit
2022-12-30 15:50:00,Martha Brennan,dairy
2022-12-30 15:50:00,Sandra Dawson,checkout
2022-12-30 15:51:00,Martha Brennan,dairy
2022-12-30 15:52:00,Martha Brennan,spices
2022-12-30 15:53:00,Martha Brennan,fruit
2022-12-30 15:54:00,Martha Brennan,checkout
2022-12-30 15:57:00,Teresa Harrison,fruit
2022-12-30 15:57:00,Bryan Webb,fruit
2022-12-30 15:58:00,Teresa Harrison,dairy
2022-12-30 15:58:00,Bryan Webb,fruit
2022-12-30 15:59:00,Teresa Harrison,dairy
2022-12-30 15:59:00,Bryan Webb,fruit
2022-12-30 16:00:00,Teresa Harrison,drinks
2022-12-30 16:00:00,Bryan Webb,fruit
2022-12-30 16:01:00,Teresa Harrison,drinks
2022-12-30 16:01:00,Bryan Webb,fruit
2022-12-30 16:02:00,Teresa Harrison,drinks
2022-12-30 16:02:00,Bryan Webb,fruit
2022-12-30 16:03:00,Teresa Harrison,fruit
2022-12-30 16:03:00,Bryan Webb,dairy
2022-12-30 16:04:00,Teresa Harrison,fruit
2022-12-30 16:04:00,Bryan Webb,dairy
2022-12-30 16:05:00,Teresa Harrison,fruit
2022-12-30 16:05:00,Bryan Webb,dairy
2022-12-30 16:06:00,Teresa Harrison,fruit
2022-12-30 16:06:00,Bryan Webb,checkout
2022-12-30 16:07:00,Teresa Harrison,dairy
2022-12-30 16:08:00,Teresa Harrison,fruit
2022-12-30 16:09:00,Teresa Harrison,checkout
2022-12-30 16:11:00,Melissa Lewis,fruit
2022-12-30 16:11:00,Jamie Lewis,dairy
2022-12-30 16:12:00,Melissa Lewis,spices
2022-12-30 16:12:00,Jamie Lewis,dairy
2022-12-30 16:13:00,Melissa Lewis,spices
2022-12-30 16:13:00,Jamie Lewis,dairy
2022-12-30 16:14:00,Melissa Lewis,drinks
2022-12-30 16:14:00,Jamie Lewis,checkout
2022-12-30 16:15:00,Melissa Lewis,drinks
2022-12-30 16:16:00,Melissa Lewis,spices
2022-12-30 16:17:00,Melissa Lewis,spices
2022-12-30 16:17:00,Christopher Jordan,dairy
2022-12-30 16:17:00,Justin Chavez,dairy
2022-12-30 16:18:00,Melissa Lewis,spices
2022-12-30 16:18:00,Christopher Jordan,fruit
2022-12-30 16:18:00,Justin Chavez,dairy
2022-12-30 16:19:00,Melissa Lewis,dairy
2022-12-30 16:19:00,Christopher Jordan,fruit
2022-12-30 16:19:00,Justin Chavez,fruit
2022-12-30 16:20:00,Melissa Lewis,dairy
2022-12-30 16:20:00,Christopher Jordan,fruit
2022-12-30 16:20:00,Justin Chavez,dairy
2022-12-30 16:21:00,Melissa Lewis,dairy
2022-12-30 16:21:00,Christopher Jordan,fruit
2022-12-30 16:21:00,Justin Chavez,dairy
2022-12-30 16:22:00,Melissa Lewis,dairy
2022-12-30 16:22:00,Christopher Jordan,checkout
2022-12-30 16:22:00,Justin Chavez,dairy
2022-12-30 16:23:00,Melissa Lewis,checkout
2022-12-30 16:23:00,Justin Chavez,fruit
2022-12-30 16:24:00,Justin Chavez,fruit
2022-12-30 16:25:00,Justin Chavez,fruit
2022-12-30 16:26:00,Justin Chavez,dairy
2022-12-30 16:26:00,Brandi Williams,fruit
2022-12-30 16:26:00,Lisa Brooks,fruit
2022-12-30 16:27:00,Justin Chavez,dairy
2022-12-30 16:27:00,Brandi Williams,dairy
2022-12-30 16:27:00,Lisa Brooks,checkout
2022-12-30 16:28:00,Justin Chavez,dairy
2022-12-30 16:28:00,Brandi Williams,dairy
2022-12-30 16:29:00,Justin Chavez,dairy
2022-12-30 16:29:00,Brandi Williams,dairy
2022-12-30 16:30:00,Justin Chavez,fruit
2022-12-30 16:30:00,Brandi Williams,checkout
2022-12-30 16:31:00,Justin Chavez,fruit
2022-12-30 16:32:00,Justin Chavez,dairy
2022-12-30 16:33:00,Justin Chavez,dairy
2022-12-30 16:33:00,John Moore,fruit
2022-12-30 16:33:00,Yolanda Sims,dairy
2022-12-30 16:34:00,Justin Chavez,dairy
2022-12-30 16:34:00,John Moore,fruit
2022-12-30 16:34:00,Yolanda Sims,fruit
2022-12-30 16:35:00,Justin Chavez,checkout
2022-12-30 16:35:00,John Moore,checkout
2022-12-30 16:35:00,Yolanda Sims,checkout
2022-12-30 16:38:00,Heather Cox,fruit
2022-12-30 16:38:00,Frank Williams,drinks
2022-12-30 16:39:00,Heather Cox,fruit
2022-12-30 16:39:00,Frank Williams,checkout
2022-12-30 16:40:00,Heather Cox,dairy
2022-12-30 16:41:00,Heather Cox,checkout
2022-12-30 16:42:00,Erik Mack,drinks
2022-12-30 16:42:00,Dustin Warren,dairy
2022-12-30 16:42:00,Jeffrey Church,fruit
2022-12-30 16:43:00,Erik Mack,drinks
2022-12-30 16:43:00,Dustin Warren,dairy
2022-12-30 16:43:00,Jeffrey Church,fruit
2022-12-30 16:44:00,Erik Mack,checkout
2022-12-30 16:44:00,Dustin Warren,spices
2022-12-30 16:44:00,Jeffrey Church,fruit
2022-12-30 16:45:00,Dustin Warren,drinks
2022-12-30 16:45:00,Jeffrey Church,dairy
2022-12-30 16:46:00,Dustin Warren,drinks
2022-12-30 16:46:00,Jeffrey Church,dairy
2022-12-30 16:47:00,Dustin Warren,checkout
2022-12-30 16:47:00,Jeffrey Church,spices
2022-12-30 16:47:00,Carolyn Fox,fruit
2022-12-30 16:47:00,Courtney Lambert,fruit
2022-12-30 16:48:00,Jeffrey Church,dairy
2022-12-30 16:48:00,Carolyn Fox,fruit
2022-12-30 16:48:00,Courtney Lambert,fruit
2022-12-30 16:49:00,Jeffrey Church,dairy
2022-12-30 16:49:00,Carolyn Fox,fruit
2022-12-30 16:49:00,Courtney Lambert,checkout
2022-12-30 16:50:00,Jeffrey Church,dairy
2022-12-30 16:50:00,Carolyn Fox,checkout
2022-12-30 16:51:00,Jeffrey Church,dairy
2022-12-30 16:52:00,Jeffrey Church,drinks
2022-12-30 16:53:00,Jeffrey Church,fruit
2022-12-30 16:53:00,Anna Collins,dairy
2022-12-30 16:53:00,Kevin Johnson,dairy
2022-12-30 16:54:00,Jeffrey Church,fruit
2022-12-30 16:54:00,Anna Collins,fruit
2022-12-30 16:54:00,Kevin Johnson,dairy
2022-12-30 16:55:00,Jeffrey Church,fruit
2022-12-30 16:55:00,Anna Collins,fruit
2022-12-30 16:55:00,Kevin Johnson,dairy
2022-12-30 16:56:00,Jeffrey Church,fruit
2022-12-30 16:56:00,Anna Collins,drinks
2022-12-30 16:56:00,Kevin Johnson,dairy
2022-12-30 16:57:00,Jeffrey Church,fruit
2022-12-30 16:57:00,Anna Collins,drinks
2022-12-30 16:57:00,Kevin Johnson,drinks
2022-12-30 16:58:00,Jeffrey Church,fruit
2022-12-30 16:58:00,Anna Collins,drinks
2022-12-30 16:58:00,Kevin Johnson,drinks
2022-12-30 16:59:00,Jeffrey Church,checkout
2022-12-30 16:59:00,Anna Collins,drinks
2022-12-30 16:59:00,Kevin Johnson,drinks
2022-12-30 17:00:00,Anna Collins,checkout
2022-12-30 17:00:00,Kevin Johnson,drinks
2022-12-30 17:01:00,Kevin Johnson,fruit
2022-12-30 17:02:00,Kevin Johnson,fruit
2022-12-30 17:03:00,Kevin Johnson,fruit
2022-12-30 17:03:00,Misty Hill,fruit
2022-12-30 17:03:00,Melissa Stanton,drinks
2022-12-30 17:04:00,Kevin Johnson,fruit
2022-12-30 17:04:00,Misty Hill,checkout
2022-12-30 17:04:00,Melissa Stanton,drinks
2022-12-30 17:05:00,Kevin Johnson,checkout
2022-12-30 17:05:00,Melissa Stanton,fruit
2022-12-30 17:06:00,Melissa Stanton,checkout
2022-12-30 17:08:00,Cameron Middleton,dairy
2022-12-30 17:08:00,Felicia Walker,spices
2022-12-30 17:09:00,Cameron Middleton,dairy
2022-12-30 17:09:00,Felicia Walker,dairy
2022-12-30 17:09:00,April Townsend,spices
2022-12-30 17:09:00,Kim Schroeder MD,dairy
2022-12-30 17:10:00,Cameron Middleton,dairy
2022-12-30 17:10:00,Felicia Walker,checkout
2022-12-30 17:10:00,April Townsend,drinks
2022-12-30 17:10:00,Kim Schroeder MD,dairy
2022-12-30 17:11:00,Cameron Middleton,dairy
2022-12-30 17:11:00,April Townsend,checkout
2022-12-30 17:11:00,Kim Schroeder MD,spices
2022-12-30 17:12:00,Cameron Middleton,dairy
2022-12-30 17:12:00,Kim Schroeder MD,checkout
2022-12-30 17:13:00,Cameron Middleton,dairy
2022-12-30 17:14:00,Cameron Middleton,dairy
2022-12-30 17:15:00,Cameron Middleton,dairy
2022-12-30 17:15:00,Rachel Harris,dairy
2022-12-30 17:15:00,Jessica Chan,fruit
2022-12-30 17:16:00,Cameron Middleton,checkout
2022-12-30 17:16:00,Rachel Harris,dairy
2022-12-30 17:16:00,Jessica Chan,fruit
2022-12-30 17:17:00,Rachel Harris,dairy
2022-12-30 17:17:00,Jessica Chan,fruit
2022-12-30 17:18:00,Rachel Harris,dairy
2022-12-30 17:18:00,Jessica Chan,checkout
2022-12-30 17:19:00,Rachel Harris,dairy
2022-12-30 17:19:00,Brian Obrien,drinks
2022-12-30 17:19:00,Joshua Mullen,dairy
2022-12-30 17:20:00,Rachel Harris,dairy
2022-12-30 17:20:00,Brian Obrien,drinks
2022-12-30 17:20:00,Joshua Mullen,dairy
2022-12-30 17:21:00,Rachel Harris,dairy
2022-12-30 17:21:00,Brian Obrien,fruit
2022-12-30 17:21:00,Joshua Mullen,dairy
2022-12-30 17:22:00,Rachel Harris,drinks
2022-12-30 17:22:00,Brian Obrien,dairy
2022-12-30 17:22:00,Joshua Mullen,drinks
2022-12-30 17:23:00,Rachel Harris,drinks
2022-12-30 17:23:00,Brian Obrien,dairy
2022-12-30 17:23:00,Joshua Mullen,drinks
2022-12-30 17:24:00,Rachel Harris,drinks
2022-12-30 17:24:00,Brian Obrien,dairy
2022-12-30 17:24:00,Joshua Mullen,drinks
2022-12-30 17:25:00,Rachel Harris,fruit
2022-12-30 17:25:00,Brian Obrien,checkout
2022-12-30 17:25:00,Joshua Mullen,drinks
2022-12-30 17:26:00,Rachel Harris,fruit
2022-12-30 17:26:00,Joshua Mullen,dairy
2022-12-30 17:27:00,Rachel Harris,checkout
2022-12-30 17:27:00,Joshua Mullen,dairy
2022-12-30 17:28:00,Joshua Mullen,dairy
2022-12-30 17:29:00,Joshua Mullen,dairy
2022-12-30 17:30:00,Joshua Mullen,dairy
2022-12-30 17:30:00,Mark Franco II,dairy
2022-12-30 17:30:00,Kevin Johnson,drinks
2022-12-30 17:31:00,Joshua Mullen,checkout
2022-12-30 17:31:00,Mark Franco II,dairy
2022-12-30 17:31:00,Kevin Johnson,checkout
2022-12-30 17:32:00,Mark Franco II,fruit
2022-12-30 17:33:00,Mark Franco II,fruit
2022-12-30 17:34:00,Mark Franco II,dairy
2022-12-30 17:34:00,William Brennan,fruit
2022-12-30 17:34:00,Peter Carroll,fruit
2022-12-30 17:35:00,Mark Franco II,checkout
2022-12-30 17:35:00,William Brennan,checkout
2022-12-30 17:35:00,Peter Carroll,fruit
2022-12-30 17:36:00,Peter Carroll,fruit
2022-12-30 17:37:00,Peter Carroll,spices
2022-12-30 17:38:00,Peter Carroll,spices
2022-12-30 17:39:00,Peter Carroll,spices
2022-12-30 17:39:00,Jacqueline Smith,spices
2022-12-30 17:39:00,Hannah Wright DDS,fruit
2022-12-30 17:40:00,Peter Carroll,spices
2022-12-30 17:40:00,Jacqueline Smith,spices
2022-12-30 17:40:00,Hannah Wright DDS,dairy
2022-12-30 17:41:00,Peter Carroll,dairy
2022-12-30 17:41:00,Jacqueline Smith,dairy
2022-12-30 17:41:00,Hannah Wright DDS,dairy
2022-12-30 17:42:00,Peter Carroll,checkout
2022-12-30 17:42:00,Jacqueline Smith,dairy
2022-12-30 17:42:00,Hannah Wright DDS,fruit
2022-12-30 17:43:00,Jacqueline Smith,dairy
2022-12-30 17:43:00,Hannah Wright DDS,fruit
2022-12-30 17:44:00,Jacqueline Smith,dairy
2022-12-30 17:44:00,Hannah Wright DDS,drinks
2022-12-30 17:45:00,Jacqueline Smith,drinks
2022-12-30 17:45:00,Hannah Wright DDS,drinks
2022-12-30 17:46:00,Jacqueline Smith,drinks
2022-12-30 17:46:00,Hannah Wright DDS,spices
2022-12-30 17:46:00,Carlos Flowers,dairy
2022-12-30 17:46:00,Christine Lloyd,fruit
2022-12-30 17:47:00,Jacqueline Smith,fruit
2022-12-30 17:47:00,Hannah Wright DDS,checkout
2022-12-30 17:47:00,Carlos Flowers,checkout
2022-12-30 17:47:00,Christine Lloyd,fruit
2022-12-30 17:48:00,Jacqueline Smith,checkout
2022-12-30 17:48:00,Christine Lloyd,checkout
2022-12-30 17:51:00,Nicole Giles,fruit
2022-12-30 17:51:00,Deanna Madden,dairy
2022-12-30 17:51:00,Adriana Mcbride,dairy
2022-12-30 17:52:00,Nicole Giles,fruit
2022-12-30 17:52:00,Deanna Madden,dairy
2022-12-30 17:52:00,Adriana Mcbride,dairy
2022-12-30 17:53:00,Nicole Giles,dairy
2022-12-30 17:53:00,Deanna Madden,drinks
2022-12-30 17:53:00,Adriana Mcbride,dairy
2022-12-30 17:54:00,Nicole Giles,dairy
2022-12-30 17:54:00,Deanna Madden,checkout
2022-12-30 17:54:00,Adriana Mcbride,dairy
2022-12-30 17:55:00,Nicole Giles,dairy
2022-12-30 17:55:00,Adriana Mcbride,drinks
2022-12-30 17:56:00,Nicole Giles,dairy
2022-12-30 17:56:00,Adriana Mcbride,drinks
2022-12-30 17:57:00,Nicole Giles,fruit
2022-12-30 17:57:00,Adriana Mcbride,drinks
2022-12-30 17:58:00,Nicole Giles,checkout
2022-12-30 17:58:00,Adriana Mcbride,fruit
2022-12-30 17:59:00,Adriana Mcbride,fruit
2022-12-30 18:00:00,Adriana Mcbride,fruit
2022-12-30 18:01:00,Adriana Mcbride,fruit
2022-12-30 18:01:00,Henry Higgins,dairy
2022-12-30 18:01:00,Sheila Terry,fruit
2022-12-30 18:02:00,Adriana Mcbride,drinks
2022-12-30 18:02:00,Henry Higgins,checkout
2022-12-30 18:02:00,Sheila Terry,fruit
2022-12-30 18:03:00,Adriana Mcbride,drinks
2022-12-30 18:03:00,Sheila Terry,checkout
2022-12-30 18:04:00,Adriana Mcbride,drinks
2022-12-30 18:05:00,Adriana Mcbride,spices
2022-12-30 18:05:00,Brandon Watson,dairy
2022-12-30 18:05:00,Miranda Freeman,fruit
2022-12-30 18:06:00,Adriana Mcbride,drinks
2022-12-30 18:06:00,Brandon Watson,dairy
2022-12-30 18:06:00,Miranda Freeman,dairy
2022-12-30 18:07:00,Adriana Mcbride,drinks
2022-12-30 18:07:00,Brandon Watson,checkout
2022-12-30 18:07:00,Miranda Freeman,checkout
2022-12-30 18:08:00,Adriana Mcbride,fruit
2022-12-30 18:09:00,Adriana Mcbride,fruit
2022-12-30 18:10:00,Adriana Mcbride,checkout
2022-12-30 18:11:00,Kyle Hicks,fruit
2022-12-30 18:11:00,Amy Baker,fruit
2022-12-30 18:12:00,Kyle Hicks,checkout
2022-12-30 18:12:00,Amy Baker,fruit
2022-12-30 18:13:00,Amy Baker,fruit
2022-12-30 18:14:00,Amy Baker,fruit
2022-12-30 18:15:00,Amy Baker,fruit
2022-12-30 18:15:00,Ashlee Robinson,spices
2022-12-30 18:15:00,Steven Smith,dairy
2022-12-30 18:15:00,Dawn Gordon,dairy
2022-12-30 18:16:00,Amy Baker,fruit
2022-12-30 18:16:00,Ashlee Robinson,spices
2022-12-30 18:16:00,Steven Smith,dairy
2022-12-30 18:16:00,Dawn Gordon,fruit
2022-12-30 18:17:00,Amy Baker,fruit
2022-12-30 18:17:00,Ashlee Robinson,checkout
2022-12-30 18:17:00,Steven Smith,dairy
2022-12-30 18:17:00,Dawn Gordon,fruit
2022-12-30 18:18:00,Amy Baker,fruit
2022-12-30 18:18:00,Steven Smith,dairy
2022-12-30 18:18:00,Dawn Gordon,fruit
2022-12-30 18:19:00,Amy Baker,fruit
2022-12-30 18:19:00,Steven Smith,dairy
2022-12-30 18:19:00,Dawn Gordon,dairy
2022-12-30 18:20:00,Amy Baker,fruit
2022-12-30 18:20:00,Steven Smith,fruit
2022-12-30 18:20:00,Dawn Gordon,drinks
2022-12-30 18:21:00,Amy Baker,checkout
2022-12-30 18:21:00,Steven Smith,fruit
2022-12-30 18:21:00,Dawn Gordon,spices
2022-12-30 18:22:00,Steven Smith,fruit
2022-12-30 18:22:00,Dawn Gordon,fruit
2022-12-30 18:23:00,Steven Smith,drinks
2022-12-30 18:23:00,Dawn Gordon,checkout
2022-12-30 18:24:00,Steven Smith,drinks
2022-12-30 18:24:00,John Shepard,fruit
2022-12-30 18:24:00,William Jones,fruit
2022-12-30 18:25:00,Steven Smith,drinks
2022-12-30 18:25:00,John Shepard,fruit
2022-12-30 18:25:00,William Jones,fruit
2022-12-30 18:26:00,Steven Smith,drinks
2022-12-30 18:26:00,John Shepard,fruit
2022-12-30 18:26:00,William Jones,checkout
2022-12-30 18:27:00,Steven Smith,checkout
2022-12-30 18:27:00,John Shepard,checkout
2022-12-30 18:29:00,Abigail Clark,dairy
2022-12-30 18:29:00,Kristi Stein,dairy
2022-12-30 18:30:00,Abigail Clark,dairy
2022-12-30 18:30:00,Kristi Stein,dairy
2022-12-30 18:31:00,Abigail Clark,dairy
2022-12-30 18:31:00,Kristi Stein,dairy
2022-12-30 18:32:00,Abigail Clark,fruit
2022-12-30 18:32:00,Kristi Stein,dairy
2022-12-30 18:32:00,Peter Caldwell,drinks
2022-12-30 18:32:00,Vincent Morales,dairy
2022-12-30 18:33:00,Abigail Clark,fruit
2022-12-30 18:33:00,Kristi Stein,dairy
2022-12-30 18:33:00,Peter Caldwell,checkout
2022-12-30 18:33:00,Vincent Morales,drinks
2022-12-30 18:34:00,Abigail Clark,fruit
2022-12-30 18:34:00,Kristi Stein,dairy
2022-12-30 18:34:00,Vincent Morales,drinks
2022-12-30 18:35:00,Abigail Clark,fruit
2022-12-30 18:35:00,Kristi Stein,dairy
2022-12-30 18:35:00,Vincent Morales,drinks
2022-12-30 18:36:00,Abigail Clark,fruit
2022-12-30 18:36:00,Kristi Stein,spices
2022-12-30 18:36:00,Vincent Morales,checkout
2022-12-30 18:37:00,Abigail Clark,fruit
2022-12-30 18:37:00,Kristi Stein,drinks
2022-12-30 18:38:00,Abigail Clark,fruit
2022-12-30 18:38:00,Kristi Stein,spices
2022-12-30 18:39:00,Abigail Clark,fruit
2022-12-30 18:39:00,Kristi Stein,checkout
2022-12-30 18:39:00,Peter Aguirre,spices
2022-12-30 18:39:00,Danielle Powell,fruit
2022-12-30 18:40:00,Abigail Clark,fruit
2022-12-30 18:40:00,Peter Aguirre,fruit
2022-12-30 18:40:00,Danielle Powell,checkout
2022-12-30 18:41:00,Abigail Clark,fruit
2022-12-30 18:41:00,Peter Aguirre,fruit
2022-12-30 18:42:00,Abigail Clark,fruit
2022-12-30 18:42:00,Peter Aguirre,checkout
2022-12-30 18:43:00,Abigail Clark,dairy
2022-12-30 18:43:00,Jesse Garza,fruit
2022-12-30 18:43:00,Elizabeth Harris,drinks
2022-12-30 18:44:00,Abigail Clark,checkout
2022-12-30 18:44:00,Jesse Garza,fruit
2022-12-30 18:44:00,Elizabeth Harris,drinks
2022-12-30 18:45:00,Jesse Garza,fruit
2022-12-30 18:45:00,Elizabeth Harris,drinks
2022-12-30 18:46:00,Jesse Garza,drinks
2022-12-30 18:46:00,Elizabeth Harris,drinks
2022-12-30 18:47:00,Jesse Garza,fruit
2022-12-30 18:47:00,Elizabeth Harris,checkout
2022-12-30 18:47:00,Alan Alvarez,spices
2022-12-30 18:47:00,David Montgomery,dairy
2022-12-30 18:48:00,Jesse Garza,spices
2022-12-30 18:48:00,Alan Alvarez,checkout
2022-12-30 18:48:00,David Montgomery,drinks
2022-12-30 18:49:00,Jesse Garza,spices
2022-12-30 18:49:00,David Montgomery,drinks
2022-12-30 18:50:00,Jesse Garza,fruit
2022-12-30 18:50:00,David Montgomery,drinks
2022-12-30 18:51:00,Jesse Garza,fruit
2022-12-30 18:51:00,David Montgomery,drinks
2022-12-30 18:51:00,Jorge Martin,dairy
2022-12-30 18:51:00,Shannon Walsh,dairy
2022-12-30 18:52:00,Jesse Garza,fruit
2022-12-30 18:52:00,David Montgomery,spices
2022-12-30 18:52:00,Jorge Martin,fruit
2022-12-30 18:52:00,Shannon Walsh,dairy
2022-12-30 18:53:00,Jesse Garza,checkout
2022-12-30 18:53:00,David Montgomery,drinks
2022-12-30 18:53:00,Jorge Martin,spices
2022-12-30 18:53:00,Shannon Walsh,dairy
2022-12-30 18:54:00,David Montgomery,drinks
2022-12-30 18:54:00,Jorge Martin,spices
2022-12-30 18:54:00,Shannon Walsh,dairy
2022-12-30 18:55:00,David Montgomery,drinks
2022-12-30 18:55:00,Jorge Martin,spices
2022-12-30 18:55:00,Shannon Walsh,dairy
2022-12-30 18:56:00,David Montgomery,drinks
2022-12-30 18:56:00,Jorge Martin,dairy
2022-12-30 18:56:00,Shannon Walsh,dairy
2022-12-30 18:57:00,David Montgomery,drinks
2022-12-30 18:57:00,Jorge Martin,drinks
2022-12-30 18:57:00,Shannon Walsh,dairy
2022-12-30 18:58:00,David Montgomery,fruit
2022-12-30 18:58:00,Jorge Martin,checkout
2022-12-30 18:58:00,Shannon Walsh,spices
2022-12-30 18:59:00,David Montgomery,dairy
2022-12-30 18:59:00,Shannon Walsh,spices
2022-12-30 19:00:00,David Montgomery,dairy
2022-12-30 19:00:00,Shannon Walsh,fruit
2022-12-30 19:01:00,David Montgomery,dairy
2022-12-30 19:01:00,Shannon Walsh,fruit
2022-12-30 19:01:00,Adriana Massey,drinks
2022-12-30 19:01:00,Jennifer Brown,fruit
2022-12-30 19:02:00,David Montgomery,checkout
2022-12-30 19:02:00,Shannon Walsh,dairy
2022-12-30 19:02:00,Adriana Massey,checkout
2022-12-30 19:02:00,Jennifer Brown,checkout
2022-12-30 19:03:00,Shannon Walsh,dairy
2022-12-30 19:04:00,Shannon Walsh,dairy
2022-12-30 19:05:00,Shannon Walsh,drinks
2022-12-30 19:05:00,Charles Smith,fruit
2022-12-30 19:05:00,Margaret Flores,dairy
2022-12-30 19:06:00,Shannon Walsh,drinks
2022-12-30 19:06:00,Charles Smith,checkout
2022-12-30 19:06:00,Margaret Flores,dairy
2022-12-30 19:07:00,Shannon Walsh,checkout
2022-12-30 19:07:00,Margaret Flores,dairy
2022-12-30 19:08:00,Margaret Flores,dairy
2022-12-30 19:09:00,Margaret Flores,checkout
2022-12-30 19:09:00,Alan Burgess,fruit
2022-12-30 19:09:00,Kathleen Horn,spices
2022-12-30 19:10:00,Alan Burgess,checkout
2022-12-30 19:10:00,Kathleen Horn,dairy
2022-12-30 19:11:00,Kathleen Horn,dairy
2022-12-30 19:12:00,Kathleen Horn,dairy
2022-12-30 19:12:00,Kimberly Ryan,fruit
2022-12-30 19:12:00,Samantha Shepard,dairy
2022-12-30 19:13:00,Kathleen Horn,fruit
2022-12-30 19:13:00,Kimberly Ryan,fruit
2022-12-30 19:13:00,Samantha Shepard,dairy
2022-12-30 19:14:00,Kathleen Horn,fruit
2022-12-30 19:14:00,Kimberly Ryan,checkout
2022-12-30 19:14:00,Samantha Shepard,dairy
2022-12-30 19:15:00,Kathleen Horn,fruit
2022-12-30 19:15:00,Samantha Shepard,dairy
2022-12-30 19:15:00,Chase Hood,drinks
2022-12-30 19:15:00,Marc Anderson,dairy
2022-12-30 19:16:00,Kathleen Horn,drinks
2022-12-30 19:16:00,Samantha Shepard,dairy
2022-12-30 19:16:00,Chase Hood,drinks
2022-12-30 19:16:00,Marc Anderson,dairy
2022-12-30 19:17:00,Kathleen Horn,checkout
2022-12-30 19:17:00,Samantha Shepard,dairy
2022-12-30 19:17:00,Chase Hood,drinks
2022-12-30 19:17:00,Marc Anderson,checkout
2022-12-30 19:18:00,Samantha Shepard,dairy
2022-12-30 19:18:00,Chase Hood,drinks
2022-12-30 19:19:00,Samantha Shepard,dairy
2022-12-30 19:19:00,Chase Hood,fruit
2022-12-30 19:20:00,Samantha Shepard,drinks
2022-12-30 19:20:00,Chase Hood,checkout
2022-12-30 19:20:00,Christopher Winters,drinks
2022-12-30 19:20:00,Robert Kelley,spices
2022-12-30 19:21:00,Samantha Shepard,drinks
2022-12-30 19:21:00,Christopher Winters,drinks
2022-12-30 19:21:00,Robert Kelley,spices
2022-12-30 19:22:00,Samantha Shepard,drinks
2022-12-30 19:22:00,Christopher Winters,checkout
2022-12-30 19:22:00,Robert Kelley,spices
2022-12-30 19:23:00,Samantha Shepard,drinks
2022-12-30 19:23:00,Robert Kelley,checkout
2022-12-30 19:24:00,Samantha Shepard,spices
2022-12-30 19:25:00,Samantha Shepard,drinks
2022-12-30 19:25:00,Jonathan Freeman,drinks
2022-12-30 19:25:00,James Garrison,spices
2022-12-30 19:26:00,Samantha Shepard,drinks
2022-12-30 19:26:00,Jonathan Freeman,checkout
2022-12-30 19:26:00,James Garrison,checkout
2022-12-30 19:27:00,Samantha Shepard,drinks
2022-12-30 19:28:00,Samantha Shepard,drinks
2022-12-30 19:29:00,Samantha Shepard,checkout
2022-12-30 19:29:00,Theresa Velazquez,dairy
2022-12-30 19:29:00,Henry Mendoza,dairy
2022-12-30 19:30:00,Theresa Velazquez,dairy
2022-12-30 19:30:00,Henry Mendoza,dairy
2022-12-30 19:31:00,Theresa Velazquez,dairy
2022-12-30 19:31:00,Henry Mendoza,checkout
2022-12-30 19:32:00,Theresa Velazquez,dairy
2022-12-30 19:32:00,Lori Nguyen,fruit
2022-12-30 19:32:00,Elizabeth Lewis,spices
2022-12-30 19:32:00,Monica Clark,drinks
2022-12-30 19:33:00,Theresa Velazquez,spices
2022-12-30 19:33:00,Lori Nguyen,spices
2022-12-30 19:33:00,Elizabeth Lewis,spices
2022-12-30 19:33:00,Monica Clark,checkout
2022-12-30 19:34:00,Theresa Velazquez,spices
2022-12-30 19:34:00,Lori Nguyen,spices
2022-12-30 19:34:00,Elizabeth Lewis,spices
2022-12-30 19:35:00,Theresa Velazquez,dairy
2022-12-30 19:35:00,Lori Nguyen,spices
2022-12-30 19:35:00,Elizabeth Lewis,spices
2022-12-30 19:36:00,Theresa Velazquez,checkout
2022-12-30 19:36:00,Lori Nguyen,spices
2022-12-30 19:36:00,Elizabeth Lewis,spices
2022-12-30 19:37:00,Lori Nguyen,drinks
2022-12-30 19:37:00,Elizabeth Lewis,dairy
2022-12-30 19:38:00,Lori Nguyen,checkout
2022-12-30 19:38:00,Elizabeth Lewis,dairy
2022-12-30 19:39:00,Elizabeth Lewis,dairy
2022-12-30 19:39:00,Richard Fisher,dairy
2022-12-30 19:39:00,Lauren Wilson,dairy
2022-12-30 19:40:00,Elizabeth Lewis,dairy
2022-12-30 19:40:00,Richard Fisher,checkout
2022-12-30 19:40:00,Lauren Wilson,dairy
2022-12-30 19:41:00,Elizabeth Lewis,checkout
2022-12-30 19:41:00,Lauren Wilson,dairy
2022-12-30 19:42:00,Lauren Wilson,dairy
2022-12-30 19:43:00,Lauren Wilson,dairy
2022-12-30 19:43:00,Jacqueline Briggs,dairy
2022-12-30 19:43:00,Carol Garcia,spices
2022-12-30 19:44:00,Lauren Wilson,dairy
2022-12-30 19:44:00,Jacqueline Briggs,dairy
2022-12-30 19:44:00,Carol Garcia,spices
2022-12-30 19:45:00,Lauren Wilson,dairy
2022-12-30 19:45:00,Jacqueline Briggs,dairy
2022-12-30 19:45:00,Carol Garcia,dairy
2022-12-30 19:46:00,Lauren Wilson,drinks
2022-12-30 19:46:00,Jacqueline Briggs,drinks
2022-12-30 19:46:00,Carol Garcia,dairy
2022-12-30 19:47:00,Lauren Wilson,fruit
2022-12-30 19:47:00,Jacqueline Briggs,drinks
2022-12-30 19:47:00,Carol Garcia,dairy
2022-12-30 19:48:00,Lauren Wilson,checkout
2022-12-30 19:48:00,Jacqueline Briggs,spices
2022-12-30 19:48:00,Carol Garcia,dairy
2022-12-30 19:49:00,Jacqueline Briggs,dairy
2022-12-30 19:49:00,Carol Garcia,dairy
2022-12-30 19:50:00,Jacqueline Briggs,dairy
2022-12-30 19:50:00,Carol Garcia,dairy
2022-12-30 19:51:00,Jacqueline Briggs,dairy
2022-12-30 19:51:00,Carol Garcia,dairy
2022-12-30 19:51:00,Kyle Alvarez,fruit
2022-12-30 19:51:00,Andrew Strickland,fruit
2022-12-30 19:52:00,Jacqueline Briggs,checkout
2022-12-30 19:52:00,Carol Garcia,spices
2022-12-30 19:52:00,Kyle Alvarez,fruit
2022-12-30 19:52:00,Andrew Strickland,fruit
2022-12-30 19:53:00,Carol Garcia,drinks
2022-12-30 19:53:00,Kyle Alvarez,spices
2022-12-30 19:53:00,Andrew Strickland,drinks
2022-12-30 19:54:00,Carol Garcia,drinks
2022-12-30 19:54:00,Kyle Alvarez,dairy
2022-12-30 19:54:00,Andrew Strickland,drinks
2022-12-30 19:55:00,Carol Garcia,checkout
2022-12-30 19:55:00,Kyle Alvarez,spices
2022-12-30 19:55:00,Andrew Strickland,drinks
2022-12-30 19:56:00,Kyle Alvarez,dairy
2022-12-30 19:56:00,Andrew Strickland,drinks
2022-12-30 19:57:00,Kyle Alvarez,dairy
2022-12-30 19:57:00,Andrew Strickland,drinks
2022-12-30 19:58:00,Kyle Alvarez,dairy
2022-12-30 19:58:00,Andrew Strickland,drinks
2022-12-30 19:58:00,Morgan Taylor,spices
2022-12-30 19:58:00,Dr. Kevin Wu,drinks
2022-12-30 19:59:00,Kyle Alvarez,dairy
2022-12-30 19:59:00,Andrew Strickland,spices
2022-12-30 19:59:00,Morgan Taylor,spices
2022-12-30 19:59:00,Dr. Kevin Wu,fruit
2022-12-30 20:00:00,Kyle Alvarez,dairy
2022-12-30 20:00:00,Andrew Strickland,checkout
2022-12-30 20:00:00,Morgan Taylor,checkout
2022-12-30 20:00:00,Dr. Kevin Wu,checkout
2022-12-30 20:01:00,Kyle Alvarez,drinks
2022-12-30 20:02:00,Kyle Alvarez,drinks
2022-12-30 20:03:00,Kyle Alvarez,fruit
2022-12-30 20:04:00,Kyle Alvarez,fruit
2022-12-30 20:04:00,Kathryn Price,spices
2022-12-30 20:04:00,Melanie Walton,dairy
2022-12-30 20:05:00,Kyle Alvarez,fruit
2022-12-30 20:05:00,Kathryn Price,dairy
2022-12-30 20:05:00,Melanie Walton,dairy
2022-12-30 20:06:00,Kyle Alvarez,spices
2022-12-30 20:06:00,Kathryn Price,dairy
2022-12-30 20:06:00,Melanie Walton,dairy
2022-12-30 20:07:00,Kyle Alvarez,checkout
2022-12-30 20:07:00,Kathryn Price,spices
2022-12-30 20:07:00,Melanie Walton,dairy
2022-12-30 20:08:00,Kathryn Price,spices
2022-12-30 20:08:00,Melanie Walton,dairy
2022-12-30 20:09:00,Kathryn Price,fruit
2022-12-30 20:09:00,Melanie Walton,fruit
2022-12-30 20:10:00,Kathryn Price,drinks
2022-12-30 20:10:00,Melanie Walton,drinks
2022-12-30 20:11:00,Kathryn Price,checkout
2022-12-30 20:11:00,Melanie Walton,drinks
2022-12-30 20:12:00,Melanie Walton,drinks
2022-12-30 20:13:00,Melanie Walton,checkout
2022-12-30 20:14:00,Audrey Young,fruit
2022-12-30 20:14:00,Samuel Hart,fruit
2022-12-30 20:15:00,Audrey Young,fruit
2022-12-30 20:15:00,Samuel Hart,fruit
2022-12-30 20:16:00,Audrey Young,fruit
2022-12-30 20:16:00,Samuel Hart,fruit
2022-12-30 20:17:00,Audrey Young,fruit
2022-12-30 20:17:00,Samuel Hart,checkout
2022-12-30 20:18:00,Audrey Young,dairy
2022-12-30 20:19:00,Audrey Young,dairy
2022-12-30 20:20:00,Audrey Young,checkout
2022-12-30 20:20:00,Tammy Marks,spices
2022-12-30 20:20:00,William Villegas,fruit
2022-12-30 20:21:00,Tammy Marks,fruit
2022-12-30 20:21:00,William Villegas,fruit
2022-12-30 20:22:00,Tammy Marks,fruit
2022-12-30 20:22:00,William Villegas,fruit
2022-12-30 20:23:00,Tammy Marks,fruit
2022-12-30 20:23:00,William Villegas,fruit
2022-12-30 20:24:00,Tammy Marks,fruit
2022-12-30 20:24:00,William Villegas,drinks
2022-12-30 20:25:00,Tammy Marks,fruit
2022-12-30 20:25:00,William Villegas,drinks
2022-12-30 20:26:00,Tammy Marks,fruit
2022-12-30 20:26:00,William Villegas,checkout
2022-12-30 20:27:00,Tammy Marks,checkout
2022-12-30 20:30:00,Sarah Warren,spices
2022-12-30 20:30:00,Ruth Riggs,fruit
2022-12-30 20:30:00,Jamie Allen,dairy
2022-12-30 20:31:00,Sarah Warren,dairy
2022-12-30 20:31:00,Ruth Riggs,fruit
2022-12-30 20:31:00,Jamie Allen,dairy
2022-12-30 20:32:00,Sarah Warren,checkout
2022-12-30 20:32:00,Ruth Riggs,checkout
2022-12-30 20:32:00,Jamie Allen,dairy
2022-12-30 20:33:00,Jamie Allen,dairy
2022-12-30 20:34:00,Jamie Allen,dairy
2022-12-30 20:35:00,Jamie Allen,dairy
2022-12-30 20:36:00,Jamie Allen,dairy
2022-12-30 20:36:00,Elizabeth Robinson,fruit
2022-12-30 20:36:00,Cheryl Beard,dairy
2022-12-30 20:37:00,Jamie Allen,dairy
2022-12-30 20:37:00,Elizabeth Robinson,fruit
2022-12-30 20:37:00,Cheryl Beard,fruit
2022-12-30 20:38:00,Jamie Allen,dairy
2022-12-30 20:38:00,Elizabeth Robinson,drinks
2022-12-30 20:38:00,Cheryl Beard,fruit
2022-12-30 20:39:00,Jamie Allen,fruit
2022-12-30 20:39:00,Elizabeth Robinson,drinks
2022-12-30 20:39:00,Cheryl Beard,dairy
2022-12-30 20:40:00,Jamie Allen,checkout
2022-12-30 20:40:00,Elizabeth Robinson,checkout
2022-12-30 20:40:00,Cheryl Beard,drinks
2022-12-30 20:41:00,Cheryl Beard,drinks
2022-12-30 20:42:00,Cheryl Beard,drinks
2022-12-30 20:43:00,Cheryl Beard,drinks
2022-12-30 20:44:00,Cheryl Beard,drinks
2022-12-30 20:44:00,Taylor Campbell,dairy
2022-12-30 20:44:00,Lisa Nelson,fruit
2022-12-30 20:45:00,Cheryl Beard,drinks
2022-12-30 20:45:00,Taylor Campbell,dairy
2022-12-30 20:45:00,Lisa Nelson,fruit
2022-12-30 20:46:00,Cheryl Beard,drinks
2022-12-30 20:46:00,Taylor Campbell,checkout
2022-12-30 20:46:00,Lisa Nelson,checkout
2022-12-30 20:47:00,Cheryl Beard,drinks
2022-12-30 20:48:00,Cheryl Beard,drinks
2022-12-30 20:49:00,Cheryl Beard,checkout
2022-12-30 20:50:00,Susan Wells,dairy
2022-12-30 20:50:00,Samantha Moore,drinks
2022-12-30 20:51:00,Susan Wells,dairy
2022-12-30 20:51:00,Samantha Moore,checkout
2022-12-30 20:52:00,Susan Wells,dairy
2022-12-30 20:53:00,Susan Wells,drinks
2022-12-30 20:54:00,Susan Wells,checkout
2022-12-30 20:54:00,Linda Kline,spices
2022-12-30 20:54:00,Nicholas Newman,fruit
2022-12-30 20:55:00,Linda Kline,spices
2022-12-30 20:55:00,Nicholas Newman,checkout
2022-12-30 20:56:00,Linda Kline,spices
2022-12-30 20:57:00,Linda Kline,checkout
2022-12-30 20:58:00,Dale Holloway,fruit
2022-12-30 20:58:00,Jennifer Berger,fruit
2022-12-30 20:59:00,Dale Holloway,checkout
2022-12-30 20:59:00,Jennifer Berger,drinks
2022-12-30 21:00:00,Jennifer Berger,checkout
2022-12-30 21:02:00,Richard Ferguson,fruit
2022-12-30 21:02:00,Brianna Hanson,fruit
2022-12-30 21:03:00,Richard Ferguson,fruit
2022-12-30 21:03:00,Brianna Hanson,fruit
2022-12-30 21:04:00,Richard Ferguson,checkout
2022-12-30 21:04:00,Brianna Hanson,fruit
2022-12-30 21:05:00,Brianna Hanson,fruit
2022-12-30 21:06:00,Brianna Hanson,fruit
2022-12-30 21:07:00,Brianna Hanson,fruit
2022-12-30 21:07:00,Herbert Anderson,drinks
2022-12-30 21:07:00,Lisa Robinson DDS,dairy
2022-12-30 21:08:00,Brianna Hanson,checkout
2022-12-30 21:08:00,Herbert Anderson,checkout
2022-12-30 21:08:00,Lisa Robinson DDS,dairy
2022-12-30 21:09:00,Lisa Robinson DDS,drinks
2022-12-30 21:10:00,Lisa Robinson DDS,drinks
2022-12-30 21:11:00,Lisa Robinson DDS,checkout
2022-12-30 21:14:00,Brian Mayo,drinks
2022-12-30 21:14:00,Melissa Johnson,fruit
2022-12-30 21:15:00,Brian Mayo,drinks
2022-12-30 21:15:00,Melissa Johnson,fruit
2022-12-30 21:16:00,Brian Mayo,checkout
2022-12-30 21:16:00,Melissa Johnson,spices
2022-12-30 21:17:00,Melissa Johnson,checkout
2022-12-30 21:20:00,Sarah Garcia,spices
2022-12-30 21:20:00,Jennifer Chaney,drinks
2022-12-30 21:21:00,Sarah Garcia,dairy
2022-12-30 21:21:00,Jennifer Chaney,drinks
2022-12-30 21:22:00,Sarah Garcia,dairy
2022-12-30 21:22:00,Jennifer Chaney,checkout
2022-12-30 21:23:00,Sarah Garcia,drinks
2022-12-30 21:24:00,Sarah Garcia,checkout
2022-12-30 21:27:00,Darrell Vaughn,spices
2022-12-30 21:27:00,Laura Jackson,fruit
2022-12-30 21:27:00,Michael Conner,dairy
2022-12-30 21:28:00,Darrell Vaughn,spices
2022-12-30 21:28:00,Laura Jackson,fruit
2022-12-30 21:28:00,Michael Conner,dairy
2022-12-30 21:29:00,Darrell Vaughn,checkout
2022-12-30 21:29:00,Laura Jackson,fruit
2022-12-30 21:29:00,Michael Conner,dairy
2022-12-30 21:30:00,Laura Jackson,checkout
2022-12-30 21:30:00,Michael Conner,dairy
2022-12-30 21:31:00,Michael Conner,spices
2022-12-30 21:32:00,Michael Conner,drinks
2022-12-30 21:33:00,Michael Conner,drinks
2022-12-30 21:33:00,Jerry Johnson,dairy
2022-12-30 21:33:00,Raven Roach,dairy
2022-12-30 21:34:00,Michael Conner,drinks
2022-12-30 21:34:00,Jerry Johnson,dairy
2022-12-30 21:34:00,Raven Roach,checkout
2022-12-30 21:35:00,Michael Conner,checkout
2022-12-30 21:35:00,Jerry Johnson,spices
2022-12-30 21:36:00,Jerry Johnson,checkout
2022-12-30 21:39:00,James Rodriguez,spices
2022-12-30 21:39:00,Dustin Beck,fruit
2022-12-30 21:40:00,James Rodriguez,spices
2022-12-30 21:40:00,Dustin Beck,fruit
2022-12-30 21:41:00,James Rodriguez,spices
2022-12-30 21:41:00,Dustin Beck,fruit
2022-12-30 21:42:00,James Rodriguez,checkout
2022-12-30 21:42:00,Dustin Beck,dairy
2022-12-30 21:43:00,Dustin Beck,dairy
2022-12-30 21:44:00,Dustin Beck,fruit
2022-12-30 21:45:00,Dustin Beck,dairy
2022-12-30 21:46:00,Dustin Beck,dairy
2022-12-30 21:47:00,Dustin Beck,dairy
2022-12-30 21:48:00,Dustin Beck,dairy
2022-12-30 21:49:00,Dustin Beck,drinks
2022-12-30 21:50:00,Dustin Beck,fruit
2022-12-30 21:51:00,Dustin Beck,checkout
